tid,datetime,cc_num,amount,fraud_label
857d3a5c71d8d1030ba5b8cbc61abe99,2020-01-01 11:42:26,4264101964908346,46.35,0
7eddf5457dbdbffff6543f2d1d10a42b,2020-01-01 13:40:32,4572259224622748,14.47,0
da91b0e0f7eede9d9b685ff701ce9a64,2020-01-01 19:39:33,4332149413304557,42.4,0
a03b48c00a3a595c04dc81414d1fab2a,2020-01-01 21:06:53,4259753809723533,629.38,0
8d049d7e2acd55fca0c0a473199356a6,2020-01-01 23:49:10,4213741526478791,81.08,0
dce764dec751791378b96d04d7aa6d55,2020-01-02 00:41:06,4231082502226286,1.07,0
2135f1c9892d234c22d075ea08d822e6,2020-01-02 00:42:15,4653672048903767,780.69,0
24d006c44305267160771ffe8f2ce5db,2020-01-02 03:37:08,4307553668184625,930.66,0
eee5cdbf6c360f91c64c2c5fe9a05ec9,2020-01-02 05:59:15,4332149413304557,25.07,0
296193cad1a8f2e91abdc3ea8bca9d28,2020-01-02 19:07:14,4676706014866559,915.44,0
8c8a137e41e5afdedef6933a93b9ca13,2020-01-03 06:23:14,4867010117638802,583.91,0
91b6db5878c46ba54b81c694d02e4d2d,2020-01-03 18:16:50,4671096685272336,499.68,0
b4bd181b723e36a9ff90e27ce25411d2,2020-01-03 22:41:17,4388795302273767,276.91,0
db5e64b57205b6f73986f0220d633a80,2020-01-04 09:23:53,4879493428361965,67.74,0
b3c7d0907707b8ce70b1e386982bc809,2020-01-04 10:28:48,4136262720215016,21.55,0
aa1d27ecd0b7a1918a701055e34285bb,2020-01-04 10:35:12,4208317936968510,38.55,0
ee3919cb9e9d687c5b8d3547aa8f8aef,2020-01-04 10:35:24,4683617042712171,51.97,0
73fc039cc7ed46c4e566009c94333027,2020-01-04 10:44:11,4231082502226286,52.48,0
028a5041e15f635f9372f23ad76df16b,2020-01-04 11:27:47,4332149413304557,908.88,0
42a354e95668632d7c36513d24cffe6a,2020-01-04 12:28:46,4815447301191763,692.56,0
b9ab44a8d24ed26cc2510307e4a60b56,2020-01-04 16:05:23,4829328237114208,30.08,0
84ed49a61f584e5f22c37e92d9302f68,2020-01-04 16:16:40,4208317936968510,52.04,0
37ea4eb850d9156a4d3493090febc547,2020-01-04 18:06:15,4446288810992896,659.52,0
e4744ac62e3dc533e1378875cb53ac79,2020-01-05 00:53:45,4532606684286514,486.23,0
372f27e5bd91723ef5f8ef1d41848218,2020-01-05 07:06:54,4106727807825537,96.2,0
13fa797853f206ee5d08877e625edd75,2020-01-05 11:08:39,4186054708565028,57.77,0
788e5c081b5b1e75a58bebd159eca569,2020-01-05 14:57:30,4858129660270572,943.77,0
6ea36574541cdd30c46bdd0e96aa92ac,2020-01-05 19:26:43,4135449811055770,7.13,0
e5bac3be511c36d6fb3368dd997ffda6,2020-01-06 17:25:32,4039150536880479,1.11,0
6b5d65f9652e9df9e9c104f5ba735c63,2020-01-06 18:40:32,4208317936968510,44.06,0
19059d307192959b6a0330c545063446,2020-01-06 21:59:47,4978667132535671,1525.54,0
275caa681e848b966401c1c55b59dcc5,2020-01-06 22:24:36,4572259224622748,95.84,0
3e2084728eeb7270d43ec4541382385a,2020-01-07 00:10:34,4645884898081724,3836.77,0
bcc0f4422e698726be53f7d8c8a65d00,2020-01-07 02:53:17,4827760497563827,33.99,0
026591f0a56e104edd6299c741b5fbc8,2020-01-07 17:55:28,4526094550580419,51.05,0
ff14b6a4cbdcfb15ce51f112772a9756,2020-01-07 18:34:07,4526094550580419,971.6,0
bb4cb6114b5b64f6d42fd7c74381bb27,2020-01-07 21:36:19,4572259224622748,310.2,0
7ed36e7f880c6811afbf715b62518c0c,2020-01-07 23:07:20,4794233751173765,35.2,0
2f234e68d52af9ba18956cbbb3866ae4,2020-01-08 00:28:34,4090612125343330,4.35,0
9d776d5b1fa73961f4fdbf0700f0d96f,2020-01-08 04:35:09,4783713328425247,195.56,0
b8936dbe65bfebaad46195e76af85cba,2020-01-08 06:43:10,4388795302273767,41.81,0
4ed6e0ec33a7cd97f75eb1c3f4603034,2020-01-08 07:28:16,4488260402352127,187.54,0
bc666c8ee2c9d00f75154129011598f6,2020-01-08 15:26:56,4879493428361965,0.86,0
b5e5d4f6d3fac345ba4e2389e429857e,2020-01-08 15:48:30,4307553668184625,635.62,0
01caa3ae7263e76990ca284ca86e707d,2020-01-08 22:08:45,4524584153018280,49.12,0
60511c5bc3bc526831122a18279aebff,2020-01-09 02:44:16,4734811798843814,990.14,0
8d8761aaf3cfec2f456b876867fd0720,2020-01-09 10:15:01,4827807245873162,84.68,0
27c40f3d2fe9dbaaef0a4a36ad001464,2020-01-09 12:17:41,4564139086560436,32.11,0
3c4310bf6998cc0ba598d0303ab72cf6,2020-01-09 13:21:20,4572259224622748,14.72,0
bd090e65f37785937c84ea56eb731043,2020-01-09 16:18:14,4446288810992896,992.22,0
18fbbac39cebe4d860eb9013a1990f72,2020-01-09 23:46:56,4830349319515887,34.71,0
ff362983cae2454f9ab26b0ea41c9243,2020-01-10 01:01:55,4653672048903767,781.22,0
01712a9048309f6b81b3271489b2cc79,2020-01-10 02:17:28,4388795302273767,46.66,0
71a07e6b6402c3a65288692185d6620d,2020-01-10 06:05:44,4186054708565028,708.55,0
d2496e71b57712dc046188bf1fe4c344,2020-01-10 10:44:09,4811343280984688,75.63,0
6fd7fe5c48d5abd72f8732a362a44cd1,2020-01-10 15:57:13,4125310868424651,85.79,0
61da6fea0d6b365b383a20f821f4a0cf,2020-01-10 21:18:47,4653672048903767,66.96,0
c71ab4715deaa3c9d160fce780a70991,2020-01-11 03:30:13,4307553668184625,4.73,0
3cfd935e1bf0d8b649db81719aed18a0,2020-01-11 04:02:09,4524584153018280,69.22,0
7cc00f7ec17850615ef5df1a8e0e43ee,2020-01-11 05:43:50,4526611032294580,13.7,0
72ff62a6d63d3b401e2e93ce47d0cf96,2020-01-11 06:33:39,4858129660270572,63.47,0
ab2c4b1e096964e7d9960220dc51be44,2020-01-11 10:37:09,4281783875596457,50.61,0
4816aeeb87e8342957e73ce276d63264,2020-01-11 11:51:18,4001837582277998,6.65,0
26d91c5ed619e8d565490bb80da31ca4,2020-01-11 12:58:46,4925013053127624,61.79,0
5812f68604a4206bb55bcf77906c5cd7,2020-01-11 13:11:12,4853206196105715,32.04,0
5c0cc748e3dcc673f576bb2f342f69ff,2020-01-11 14:16:29,4893308344742860,3.29,0
f81bc02a106e12fe1a3b482b808a8dd2,2020-01-11 14:51:14,4208317936968510,970.9,0
ef67ff4d1d77d8630d0b7401eabd003e,2020-01-11 20:26:10,4615861341152316,94.85,0
94a42961e9de1fd2cd59c6ca631f37d8,2020-01-11 22:39:34,4815447301191763,4170.85,0
3eca0e99c858654e8938718b7482f10c,2020-01-11 22:44:39,4802174255861762,701.94,0
d9d755b2fd04584ca9bb11bbec240698,2020-01-12 04:42:44,4789490563144262,590.84,0
b046f5c67e2b7ddbf8b64fe7fb19cc4e,2020-01-12 11:56:25,4205091756219139,12.2,0
ecf7e59255e703479980cad47915814a,2020-01-12 12:58:22,4307553668184625,286.55,0
67fb8ec2ea40c8388844c13f2c1189b8,2020-01-12 15:00:30,4444037300542691,30.52,0
bd015e5df1ed520a65cc162847db109f,2020-01-12 15:39:53,4090612125343330,20.14,0
18e757e67db11a7238b803c7f80c88a3,2020-01-12 22:57:14,4802174255861762,33.96,0
3c5e196606a17c4078395f3758b76bd7,2020-01-13 00:59:42,4738705475489956,0.79,0
26b988813ccd8fd837059f97fecc1fe3,2020-01-13 10:38:53,4524584153018280,13.93,0
bd95dc29166d24766458566eb0d3363a,2020-01-13 11:24:34,4259753809723533,69.87,0
813c98c4898c327d57c003880fc04a4c,2020-01-13 12:03:08,4879493428361965,316.03,0
4479827035f4e54e48256656eb7b7bcd,2020-01-13 14:13:43,4416410688550228,685.21,0
e839dd950913ec4e7e32ff83656ff773,2020-01-13 14:37:09,4446288810992896,454.48,0
ac63daac6e10acaed6fcbc3b8c3e83c3,2020-01-13 17:07:50,4572259224622748,88.77,0
506835cbab97e7d1ed88e0596eaede61,2020-01-14 00:31:19,4783713328425247,78.89,0
35302424b75487146bcc033afdbe6d6a,2020-01-14 02:11:48,4572259224622748,18.69,0
ae6fcfa31de57ca22a13884d50742f6e,2020-01-14 06:37:56,4136262720215016,68.92,0
87203425e603dda62f4db1401ab693f4,2020-01-14 07:56:35,4186054708565028,702.26,0
f9f4b0963951ec48233d025dfb5d215d,2020-01-14 09:05:36,4956860373932956,2.44,0
5ae3c400d8b0c8964ff49e4c57fc26ed,2020-01-14 14:52:04,4444037300542691,45.61,0
d9d1fad4071084ea7097e6079ef9b9cd,2020-01-14 16:48:54,4460285888258185,24.66,0
55122a2d7af4cc45dc254c24266ee4f3,2020-01-14 16:53:06,4762714231199452,682.97,0
35921581f24ad1a68ddf5299648f51d4,2020-01-14 18:32:31,4398950686897867,255.52,0
eb79cd7909274d31ab5fa140377cfaab,2020-01-14 21:53:00,4671096685272336,191.17,0
ee0d1fdfab46a9d41b061cd135f49d80,2020-01-15 00:44:10,4985024436370614,89.33,0
d73242cee317e67c9265e22d7ff2d06a,2020-01-15 02:52:31,4956860373932956,432.51,0
064003db290b2ee21c7957a3dd1ca8b9,2020-01-15 07:10:03,4572259224622748,30.29,0
226a150759495ef03a54483a2262a923,2020-01-15 09:46:33,4829328237114208,909.75,0
4a26c6af2ce8c89a14bf2fe464e0caa0,2020-01-15 10:07:19,4384014188635576,5664.71,0
a83cbc1078b14e1ca9802d36aa7ccb29,2020-01-15 13:50:51,4295719836133562,19.34,0
195faaa4752097ec32ebbe16136687a5,2020-01-15 16:03:41,4879493428361965,21.71,0
6ab57a3a0b8ee27aebb1ad6029463cca,2020-01-15 16:14:51,4985024436370614,18.83,0
a1d52bc72fe6222e926fb36bf85942e7,2020-01-15 16:36:42,4231082502226286,60.6,0
1f787731438a06b7bf50234a7ed98756,2020-01-15 18:08:32,4241453805273630,755.07,0
2829482af93def473243bfeb43be1d73,2020-01-15 18:53:13,4170840302810671,404.88,0
2e686421082cc55b58a67c5bc74f9026,2020-01-16 00:04:37,4879493428361965,4.36,0
3862c0da1b2b0214a572de906c5abede,2020-01-16 07:52:36,4645884898081724,30.22,0
8be05851254a3ddc868c3a2cc0593e98,2020-01-16 15:52:13,4609746692923340,852.65,0
20d164e9f21c19efeb4211c7857fc342,2020-01-16 20:57:40,4978667132535671,600.84,0
df3ee9208ddd1136868bcfd63ededdae,2020-01-16 21:32:54,4479475895277810,4.78,0
912972ec2b5c5fa66cc058eb31eca18c,2020-01-16 22:46:33,4609746692923340,1.03,0
b803a7ce26ff9b84dc0f26fd99dfdc14,2020-01-16 22:47:14,4205091756219139,76.67,0
d0660cdaacd38404c356b848b5a38b42,2020-01-17 01:36:01,4170245277417751,64.29,0
5532bb3308e1a079c4a238c397b6876b,2020-01-17 03:18:31,4858129660270572,11.96,0
f8e7f1fc2ef25bb33401057d689457a0,2020-01-17 13:19:04,4811343280984688,59.41,0
47ebb7a1b566e38db478917d2b865549,2020-01-17 15:04:47,4208317936968510,59.14,0
8cb551501cfbee1005fe83c2c631fa64,2020-01-17 15:35:48,4532606684286514,34.59,0
80bde175ccf348f814094a73162b9901,2020-01-17 16:58:27,4811343280984688,537.99,0
e3359ecf9c507dd5f074b9debcc8271f,2020-01-17 18:19:51,4978667132535671,248.47,0
b8002f462a11c49e3a34ceb2116d6769,2020-01-17 23:14:32,4676706014866559,0.24,0
a917764899196d24fe86de0993b66ad8,2020-01-18 04:58:57,4794233751173765,10.7,0
1906d36e4fd3f30ab7e06bdc662c2b82,2020-01-18 11:24:27,4762714231199452,53.77,0
74705ecb7794f80be2658c881cc0f152,2020-01-18 21:32:12,4830349319515887,12.3,0
1dd711546caa3f09d2d14ab0b0900cfa,2020-01-18 23:15:23,4260567335033291,98.05,0
64369e9923304e16ec850fd80d872eba,2020-01-19 02:09:59,4653672048903767,4.77,0
0a9ea54f53a1e82d49a5f88191f10d9c,2020-01-19 03:00:07,4135449811055770,8.62,0
3e92b1e0790ad7a775d9afb379e2e8e6,2020-01-19 03:57:20,4934399043970226,157.61,0
b4c9a55827d4d80977079f0c06dc4a59,2020-01-19 06:00:56,4524584153018280,13.19,0
d3cabb664fdb7546466a05d6d8ffb300,2020-01-19 10:29:45,4259753809723533,2852.39,0
76f9726548208113d6bd8f867a1e4ffa,2020-01-19 17:59:54,4653672048903767,55.56,0
022cd0d8deef2171a6444e763f9f0e18,2020-01-19 22:40:17,4564139086560436,13.09,0
c44cec3a1c75228408d3b27788d22767,2020-01-19 22:42:19,4671096685272336,47.19,0
7060f724f492d2325b0c12bf6ead9d12,2020-01-20 02:26:32,4789490563144262,57.96,0
af9a6a7e5088eec1bff0d1d451e9abc8,2020-01-20 11:03:46,4829328237114208,4583.64,0
a68848f68e260c9adbc32ac379bd31e9,2020-01-20 14:13:14,4376360021712050,395.83,0
e790170b2a6f4186402549bc30fedca6,2020-01-20 15:58:40,4090612125343330,975.21,0
cd93313aa8151dbff03c688970ecff16,2020-01-20 17:11:22,4281783875596457,431.62,0
c9302c3d8f6508286d717b2ed131a489,2020-01-20 21:27:54,4893308344742860,3654.35,0
0f7c8d3062901d1e4d5743de8795f3d0,2020-01-21 00:14:40,4526611032294580,31.61,0
92afcb6e205adc93a2c0dbe8188e213f,2020-01-21 00:41:37,4950757030424276,75.29,0
9ec8009da689fa42a1e76c329d8612a6,2020-01-21 03:35:32,4033160065800364,83.44,0
76786550f7a2455841d87004761a5138,2020-01-21 05:11:14,4572259224622748,17.2,0
014784e35904ea3045596369024639c1,2020-01-21 21:28:47,4301684712758167,72.33,0
3d1aad125fb6d2f2510d97e309073f7e,2020-01-22 08:07:16,4671096685272336,37.82,0
4f860dca12192e12f0f8257609b33b8b,2020-01-22 08:28:50,4532606684286514,83.17,0
213efa139c94c29c531984967ea6eac2,2020-01-22 11:09:12,4532606684286514,66.06,0
e5efd8f2954795d68920bad79edd66a0,2020-01-22 12:03:25,4106727807825537,11.49,0
c61c7904869629dc9c96cc9dccece430,2020-01-22 12:22:47,4460285888258185,25.24,0
db44d859a6447d489bbe4242baa42e26,2020-01-22 12:47:37,4879493428361965,53.48,0
2cd0febda08393cf3077edb4ef5f22b7,2020-01-22 15:19:45,4526094550580419,536.29,0
aa8a4721e95298419a3af27e69a36f07,2020-01-22 18:26:59,4638396144844325,0.63,0
e7f1f53fc85c8b8f161c44d0d546a38b,2020-01-23 04:47:05,4956860373932956,75.32,0
902215eeae4c3a0fa9ae02c9e73991b1,2020-01-23 11:56:17,4783713328425247,73.52,0
ae52f95616d3e5d83b801f4b8648bb49,2020-01-23 17:57:34,4738705475489956,93.44,0
388630af75904b46151eb7bc47204433,2020-01-23 20:23:36,4253589902657103,64.67,0
b31992382ab3bedf43f063ddcfa42daa,2020-01-23 21:02:18,4564139086560436,452.38,0
45756c38e06d73b001a753560387ecce,2020-01-23 22:40:13,4827807245873162,64.37,0
e570c0e586ec482389172916b591363d,2020-01-24 01:58:44,4122046974704585,8.37,0
ccdd52b907d70549db413073607519d8,2020-01-24 09:12:38,4638396144844325,28.33,0
ecfb697d8f1729233780d3561ba6c019,2020-01-24 19:21:41,4564139086560436,6.73,0
754342e9806f1867c5b0ade700da1dc8,2020-01-24 20:53:19,4444037300542691,344.62,0
c4e4fb597f118b8cf5e0881115bcc8d6,2020-01-25 00:19:43,4307553668184625,9947.04,0
a874475d2ae4ea4c3bd108c347dbdc1a,2020-01-25 02:50:11,4136262720215016,958.2,0
5cbfa9c488c368e6fbf4d4497ffbcf85,2020-01-25 07:29:14,4879493428361965,79.63,0
20e440cea886a747a6b82aa4f3fa7e94,2020-01-25 09:07:22,4794233751173765,21.93,0
e4c14d06ffc7fe35929824ea3dad81c0,2020-01-25 12:08:22,4789490563144262,596.03,0
416f30eb8125bfb5fd9da3eb3ed0da90,2020-01-25 17:32:17,4783713328425247,365.36,0
9d34c4066afad874d45cb0395a78c78f,2020-01-25 23:13:58,4467512729899486,44.44,0
d42abf569e5b3a589c8d911d90a22c69,2020-01-26 05:24:53,4253589902657103,575.24,0
93690cc6ceacf04d9c90a8db48035551,2020-01-26 14:53:09,4522929944170142,88.01,0
ad1a8079468452a65cd14d61935d0d7b,2020-01-26 18:18:03,4978667132535671,22.6,0
fac3f412bd567f24e91f0ec0f4eaca14,2020-01-26 21:25:08,4738705475489956,875.21,0
626bf2aca6e24bbd9773fda6ab4eb584,2020-01-26 22:09:32,4815447301191763,80.92,0
a78bd68c1ea2134a9a5a68b0eec3eec3,2020-01-27 02:27:21,4811343280984688,193.27,0
ddad3f7defe0ac09bd674add1885dedf,2020-01-27 02:34:03,4307553668184625,19.0,0
27e0416008488db390a74ac44154b549,2020-01-27 03:55:35,4033160065800364,910.36,0
8cd2121d8ee78b7362f212d78cabb3b6,2020-01-27 09:57:51,4467512729899486,824.27,0
855b629dd101eacea0f19d17d025e5ca,2020-01-28 00:52:05,4106727807825537,739.78,0
5f8c5e04a4af91352b9853595d2cc6e6,2020-01-28 02:38:44,4985024436370614,6.62,0
ae0ac41a148bbce6b984234851b51bf5,2020-01-28 02:46:55,4815447301191763,551.7,0
0d1c94d77567d3892bfceb2858780d73,2020-01-28 05:06:34,4170840302810671,59.14,0
a875e81d561a47fa30eb42dd5cb138cd,2020-01-28 05:31:54,4950757030424276,47.36,0
b74d21e7990a3392f1aad42f04c6a665,2020-01-28 05:59:56,4783713328425247,325.02,0
0b471938c937973d96766521328aca90,2020-01-28 13:08:50,4925013053127624,36.68,0
b2422412cbe15805937efcec185a9cd2,2020-01-29 01:09:35,4395148335460814,731.72,0
dd231bd86cb2683e901a0814da923fda,2020-01-29 01:32:50,4783713328425247,99.95,0
d94e1917ac86cfc461ba940452925c04,2020-01-29 02:45:03,4241453805273630,84.36,0
0207046e4f49151070e94971fad4a6d0,2020-01-29 04:58:39,4532606684286514,9389.74,0
0a64d130f4fd009f2c73b4554e45796c,2020-01-29 09:53:48,4161715127983823,56.45,0
5e8449fe130220cc72b7fa8d3273545c,2020-01-29 16:38:16,4032763187099525,528.9,0
45b1fe6d7e612ec2c145399ab61afc8f,2020-01-29 22:51:08,4446288810992896,5044.62,0
c879201e8a38b5ee3b02558c0a48018a,2020-01-30 03:18:58,4872287670027309,100.65,0
10c8d11d2022be4fd9396470bfb18c32,2020-01-30 13:18:38,4676706014866559,707.22,0
87590b8ec2279de60c854b451f860073,2020-01-30 14:50:48,4738705475489956,979.09,0
9f2c7dc0251c96d561900af7812db5ba,2020-01-30 23:11:50,4446288810992896,31.16,0
e80ef2887cb295408c741b150951b97e,2020-01-31 14:31:21,4653672048903767,40.27,0
b47b0d4a975b8b34a814cb9b577b3d64,2020-01-31 18:55:20,4259753809723533,50.43,0
75f9c7f630e9e3585652d13bed43475e,2020-01-31 20:33:49,4241453805273630,43.57,0
d861fce29a9f0e7facd6582c06c55cee,2020-01-31 23:10:44,4213741526478791,96.84,0
69aee39f2e1accc9dbfb44bb359880fa,2020-02-01 01:18:04,4956860373932956,67.87,0
7e1ced4eae0091f491333f2002fa2c29,2020-02-01 03:10:29,4223253728365626,9590.37,0
41a372ac151f7665a8eb079b397a9463,2020-02-01 12:01:11,4260567335033291,67.0,0
c4fa41001a782d911a49869492add366,2020-02-01 13:45:09,4161715127983823,17.52,0
717c0734e5314edd5d88d92882f28eaf,2020-02-02 00:05:07,4148950609641791,84.16,0
80be1ba0f84d64b65aecdaedc3f85d15,2020-02-02 06:32:27,4238224687069643,55.69,0
1d100a5033da638317a5da9fa83a4d5f,2020-02-02 16:31:40,4734811798843814,11.88,0
6e5073e982668a90d93cfd3169bdfc33,2020-02-02 18:07:47,4738705475489956,44.49,0
a44fa35dc29b009868d491fd1d46d13f,2020-02-02 19:28:59,4301684712758167,527.07,0
2659d82567238ad1258333c966230368,2020-02-03 03:08:53,4032763187099525,924.74,0
df93ea210389210aec7e287b9f6b8cea,2020-02-03 03:32:11,4295719836133562,1.38,0
957a098e5e2205d28e22b3711bc930a7,2020-02-03 07:08:08,4208317936968510,79.17,0
44575055740b2b0511d0b7f5ceb4063f,2020-02-03 14:28:48,4645884898081724,37.02,0
c1e288edc05d4cfe43f3b2bda70490e8,2020-02-03 15:46:25,4122046974704585,8219.49,0
fee0d3600c8a0c6ccd1369a10dd1ee51,2020-02-03 16:14:36,4032763187099525,7645.39,0
16551e726f5b7d918397e316a345d26e,2020-02-03 16:52:32,4532606684286514,84.26,0
52fb2f3c68ab33a067dd4d180f2e615b,2020-02-03 17:28:16,4997591057565538,840.38,0
451d38acad99b3a7ba3bdc4018120f07,2020-02-03 19:23:36,4671096685272336,845.73,0
e69cd71913c6aeb15d4b864960f1fa73,2020-02-03 20:00:47,4978667132535671,7.37,0
d1eaa16f985f956ab2764c6d312d9b1c,2020-02-03 22:36:10,4376360021712050,19.6,0
c207137ef5ac38f9efc49f8cd73adac6,2020-02-04 06:39:08,4829328237114208,37.89,0
271b44c96537f8f5c78827c5c4743c91,2020-02-04 11:13:04,4395148335460814,31.68,0
ad05e3351473348d016abf40d409c0f1,2020-02-04 13:30:02,4384014188635576,36.08,0
691b73e5241631c1290f552459466c06,2020-02-04 13:52:51,4638396144844325,12.67,0
4600fe4809fd92bcaa65096fc4de21c6,2020-02-04 14:39:56,4880931623427294,416.89,0
aae4c701513b4f17c6e40f50ae3cd787,2020-02-04 20:48:00,4231082502226286,629.45,0
499bacfef52b76411ea41cd91d91d124,2020-02-05 00:38:37,4090612125343330,859.0,0
d773a338c693f35b68fe15be96fe654f,2020-02-05 03:44:42,4827807245873162,70.55,0
6d5e04a8159b0ae7494f34112d50776e,2020-02-05 07:01:07,4253589902657103,98.47,0
e1ab8330d39dab6feac40f9596e05acb,2020-02-05 07:32:34,4671956999823027,716.33,0
12e6d1be6871af60357de508d00c92a1,2020-02-05 18:01:09,4208317936968510,64.16,0
0872dec1bb9f4cae050b6de6e56557b7,2020-02-05 18:16:02,4738705475489956,87.0,0
5b3640a8e9cb585e92a7323e511accec,2020-02-05 18:38:27,4546601918511609,658.49,0
4980537cff28e050ba60dc3812870756,2020-02-05 19:45:58,4307553668184625,627.9,0
05c0eed549cde0273cea07211dcca18c,2020-02-05 21:16:22,4467512729899486,38.98,0
890ecd9fac5b032db3ca2caa1f3b3a12,2020-02-05 23:00:30,4683617042712171,99.24,0
009eff8fa6b3ee186f6d2d6a39e43b19,2020-02-06 00:27:05,4205091756219139,27.84,0
693325719f7c3b3df72d32fba862ad46,2020-02-06 08:02:22,4893308344742860,56.36,0
ff27e8ab4149b16db7efe9b0b7a8335c,2020-02-06 18:29:05,4522929944170142,321.94,0
39ac97b300105a6f0490bb810da4bb34,2020-02-06 21:27:48,4783713328425247,5125.46,0
d6b51a90c034bf40185d70bdd01f70ed,2020-02-06 22:28:58,4301188878743567,99.29,0
f29d6de62e6d70c416b664d2f6d2bef9,2020-02-06 22:54:41,4307553668184625,7.91,0
5af1a3047e340775e600a98208fb73e6,2020-02-06 23:24:28,4872287670027309,627.0,0
ffea1fdec209860364fb988e66a5f3b5,2020-02-06 23:53:27,4446288810992896,788.97,0
bfa0d7e185c696240d30c91cd8e7450d,2020-02-07 06:26:01,4411504524619489,751.85,0
b88ca829408b1c815c951b2a1fb83217,2020-02-07 08:01:23,4794233751173765,35.3,0
dd32ec0908753abab8f1f19acadb0732,2020-02-07 13:19:54,4148950609641791,16.14,0
8a54df9af523d6995645fb30560c2f9f,2020-02-07 16:33:59,4934399043970226,36.78,0
aaa4668d6e1215e9bc56ea44af8031d0,2020-02-08 05:08:45,4223253728365626,980.31,0
d58e7565c66eab85565af2d1d51c3509,2020-02-08 07:44:16,4890785453601818,7012.69,0
cf324262ef9a983a1217ce77add89f54,2020-02-08 09:08:18,4161715127983823,61.17,0
4ea626d492e7e60b7e947810d0b60b61,2020-02-08 09:20:15,4205091756219139,59.39,0
be35bdc9cbb59606ab7c5b6aeed705a0,2020-02-08 15:49:31,4893308344742860,0.86,0
09da277ee1eaebec696bab16f9322e5e,2020-02-08 20:20:17,4829328237114208,63.03,0
f16d7ebaeda940d09fd025d6f847775e,2020-02-09 00:15:08,4829328237114208,37.4,0
89097554761a2da5e83a3181886a06e3,2020-02-09 01:58:54,4001837582277998,74.58,0
5a6619ee33137040be95babafa1cea5d,2020-02-09 06:57:15,4259753809723533,12.38,0
c93ffdfbe2ea4545c8203ecac20aeb73,2020-02-09 07:19:56,4811343280984688,46.84,0
5967fdc7c1e3fc39a014456be05c3152,2020-02-09 07:46:53,4653672048903767,1.46,0
f206c16c8da4a7deabc9624079427965,2020-02-09 09:13:12,4811343280984688,77.77,0
c4a5c81b99dd456078c77524d2df61dd,2020-02-09 10:57:16,4135449811055770,29.37,0
e5a57b50f2a43d4e40cced03bf1dd2ed,2020-02-09 11:28:32,4564139086560436,27.01,0
7561117a9eda6a3857fe2bf75290d96f,2020-02-09 12:23:25,4231082502226286,69.95,0
b09fcca33360a3a1f3e686547241d2d6,2020-02-09 17:58:29,4213741526478791,9.4,0
98673e29f4d95f9687b424de2f10af03,2020-02-09 23:03:44,4106727807825537,929.23,0
e1b0dad6ee33d6ced3b2bf3eb8f5b785,2020-02-09 23:10:22,4829328237114208,12.93,0
0acfc7dfcce581181b68643576c1ecbc,2020-02-10 02:47:44,4398950686897867,54.13,0
2b6c97a636d86c88e94bb7bedaa62f35,2020-02-10 04:23:26,4638396144844325,4807.19,0
90f963c650f7e469b1cf2b6341c08fbc,2020-02-10 15:16:09,4388795302273767,0.66,0
145ecbced5a88e0dfda820dd7d98c26b,2020-02-11 03:11:56,4564139086560436,90.34,0
414c8825be4d56aa0d41f49898816c7c,2020-02-11 06:25:39,4925013053127624,173.16,0
201b1e9b78e30347227bf95a7e202653,2020-02-11 06:40:15,4479475895277810,8.66,0
7428bd728ccd18a7a9f547eb43b0d889,2020-02-11 12:13:49,4526611032294580,1.07,0
4b0c5ffaceb1069ddde783de58022621,2020-02-11 16:52:42,4374799537894500,10.32,0
72345561a4586c33d7596a2b092d251c,2020-02-11 17:50:51,4893308344742860,45.7,0
001ee1563fbdf4a22f26334b6d9a1c45,2020-02-11 18:39:34,4827760497563827,43.09,0
47806c4f7203a3dbc753bdcbab3f516e,2020-02-11 18:57:18,4879493428361965,74.63,0
95f53088f4fba50dd2704ef5c9464c56,2020-02-12 05:07:24,4880931623427294,951.67,0
4beacba33aec76fddfbb911eac47928e,2020-02-12 14:40:40,4411504524619489,93.58,0
b4b904b9d6247420a987b329dafcfeba,2020-02-12 15:13:34,4333652104565302,69.35,0
c617961057e856b616b1a5348361286c,2020-02-12 19:18:50,4985024436370614,305.25,0
aff08d71e8d4df2d4ee9a6de1dd4c21d,2020-02-13 01:21:40,4039150536880479,52.33,0
ef7772a0688a45d090d15f9cb27266d1,2020-02-13 01:39:55,4226063306212844,953.78,0
d9b48c2180a54001b068aecf43a980f3,2020-02-13 02:40:34,4307553668184625,204.29,0
96ecbc77da4bad00c35ce9b3f81e4604,2020-02-13 08:17:52,4532606684286514,31.53,0
1fe03ffafa9477f35e3953b9bd2f1f1e,2020-02-13 09:10:15,4159210768503456,74.56,0
04d984a0be9ee57abf0d08189d45602d,2020-02-13 15:24:56,4135449811055770,69.73,0
46a0512963d2e98ef3110d2466f6bf6f,2020-02-13 19:38:09,4650661577010550,60.0,0
4a9707da6e1e3d767842bc272e492322,2020-02-13 19:58:41,4232153519700594,39.76,0
ea1ea51a51ca948ed945c5f74ccbe73b,2020-02-13 21:07:37,4783713328425247,76.72,0
0e0168a87ac3394d6e3a1e6ede590c99,2020-02-14 02:16:07,4332149413304557,86.22,0
5256170e0230990dcf0f00fe978ea65b,2020-02-14 08:24:17,4867010117638802,957.77,0
12d02e36afeead8c0876d39407c473f5,2020-02-14 11:21:25,4564139086560436,163.05,0
6ffa465a7731d9e8e21b9a6fb3810a39,2020-02-14 18:59:36,4460285888258185,22.35,0
9257bd1f11733f494846f8e1753f9b66,2020-02-15 02:38:38,4783713328425247,3379.84,0
b0d6e42455ac9f63f09952cd16886ebd,2020-02-15 07:33:12,4259753809723533,793.93,0
aa57b2db0b2265eb2e3903088f12493c,2020-02-15 12:51:10,4460285888258185,1.23,0
3ca3731a2bf0b35018916a167689faef,2020-02-15 15:59:51,4205091756219139,298.88,0
2827756a0721fb608c08e5476b5fddd3,2020-02-15 23:28:57,4827807245873162,773.35,0
21b58c472f27cf2c812c25c968ba1326,2020-02-16 03:41:41,4161715127983823,256.8,0
90b7cf0b1e8a7ac1d110f91e13b0416e,2020-02-16 04:00:28,4572259224622748,65.71,0
a9c090bfc2258253de2bec9606aefa8b,2020-02-16 09:18:13,4645884898081724,17.95,0
ac3d40527162aff13aedd875169b4278,2020-02-16 14:51:52,4161715127983823,40.61,0
ff13848f7fbf87d6f8ce4fd961719195,2020-02-16 16:59:34,4650661577010550,124.63,0
00d179195c85e9e4342846f99e23643d,2020-02-16 19:09:06,4135449811055770,89.7,0
06cc0bffd98448e226e087d16547e623,2020-02-16 22:08:33,4208317936968510,84.77,0
0475a5f20605959d3d9695633372eecc,2020-02-17 00:45:47,4965123463794391,90.78,0
a792a7ca69c27f0cdd961369d6991ba6,2020-02-17 10:13:41,4416410688550228,92.79,0
31326c587baf5b4316e6bcf7017d7a06,2020-02-17 16:47:31,4170840302810671,50.07,0
1f74c9c3978c2cef77b511659db2555d,2020-02-17 17:58:35,4762714231199452,73.37,0
6fcdd28b1e3f9094eef8c7603c49fc0b,2020-02-17 23:11:56,4653672048903767,2.66,0
03940f90e3b015e4503d2bf7938854c2,2020-02-18 12:56:09,4033160065800364,140.58,0
d8edcea0b74537ba746b85f87dec3aa8,2020-02-19 03:38:30,4880931623427294,0.47,0
33e9ac153f31304bc01307fa7fdf78f5,2020-02-19 03:46:08,4802174255861762,51.24,0
d96f1e3e32ef8290c098cda545d11e04,2020-02-19 09:32:09,4446288810992896,1133.58,0
911b0efe48a7748523a5d54d1bf4cd4f,2020-02-19 09:46:23,4295719836133562,301.45,0
299b92820f7f711cf673462a6b72a6b3,2020-02-19 11:28:55,4301684712758167,37.17,0
f0a4ac85b1d448aebdc831842b8b4781,2020-02-20 01:14:54,4295719836133562,40.28,0
636435bdd191116996c0c09195c32376,2020-02-20 01:47:22,4170840302810671,5129.85,0
dcccaf4a9fbaeb7b494da70966662e11,2020-02-20 04:49:05,4985024436370614,18.5,0
7d03dfe3f9f51362afa9082b8147caa4,2020-02-20 06:43:22,4135449811055770,67.15,0
168bf18dbd47a72ce13e4eb51eedbca9,2020-02-20 07:02:34,4879493428361965,97.91,0
a9c070b4b9d696b5fc560c8204637755,2020-02-20 10:12:30,4653672048903767,4.93,0
7b9ea22375ca3f464d09c7fd46261b25,2020-02-20 10:24:34,4794233751173765,46.28,0
038e323533528f0495c144f546346646,2020-02-20 13:10:25,4090612125343330,874.82,0
704322b71a18e7abd95acfd02e224b77,2020-02-20 14:25:08,4811343280984688,320.44,0
2a05d3f4a97f4cb1461abad7651fa784,2020-02-20 16:27:36,4890785453601818,8439.61,0
af91d4c8f91ab200d809c003ee0dcf3c,2020-02-20 20:34:15,4436298663019939,553.43,0
dc959cbfc2b9199219842fbca0b1a12a,2020-02-21 05:28:45,4950757030424276,71.61,0
4baeaace5c541151b02086bb94a71ab6,2020-02-21 11:58:32,4925013053127624,69.7,0
d2ea5d162a6ef474a83525019684a346,2020-02-21 14:24:12,4332149413304557,760.8,0
ff94c8ec80326bb1585867942430a4e1,2020-02-21 15:00:55,4488260402352127,689.94,0
1a34b2f1be00a52ebee65e1fa0f39e14,2020-02-21 20:13:58,4827760497563827,779.71,0
5c2619d01bbaf38c0da74e2ff228f175,2020-02-21 22:32:38,4526094550580419,48.76,0
0ef0f3a09707a3646a0a0d0a849fde37,2020-02-22 07:06:00,4524584153018280,117.8,0
d68dcd9ed1fb531764f1e620f094e5ae,2020-02-22 11:53:39,4880931623427294,78.69,0
4af52b0b16e45b864ead40c55002d28f,2020-02-22 18:24:14,4615861341152316,3.68,0
9d09e04a59a9c9afc3605ce66b9babab,2020-02-22 18:51:09,4260567335033291,4.92,0
aa3bf2c47a3d44505e763c332cdaec4d,2020-02-22 19:22:14,4645884898081724,168.66,0
4e97a32bcfb70ff4eec7357671d11d8c,2020-02-22 21:04:54,4802174255861762,444.52,0
6bae01a8ca32cdce78c4891685dd808e,2020-02-22 21:32:13,4032763187099525,88.17,0
6ebaef044d5c175d689da474bdb3e99c,2020-02-22 22:15:47,4783713328425247,100.63,0
ab7e8ada59a014a3f3e55dee29591372,2020-02-22 22:39:42,4526611032294580,64.87,0
9e9382b9ffa77c5275739e0f0bed1d0e,2020-02-23 02:58:53,4985024436370614,8.5,0
91a5f30a094eeb1ff751ff6d6aed4971,2020-02-23 05:07:27,4827807245873162,43.14,0
50cbd245f6b2a4326bf84f36ea76be27,2020-02-23 05:16:55,4135449811055770,21.61,0
ebc77a6241e0131ca0fb7832eaeedac0,2020-02-23 08:30:16,4738705475489956,188.59,0
192057c530373555e197b3d2d7179d22,2020-02-23 14:36:41,4148950609641791,6736.85,0
0d3461ecf1c040557f211585baadd78c,2020-02-24 00:33:14,4333652104565302,364.87,0
7c0306c7f1c55dba7f254f0aa4090cee,2020-02-24 07:24:06,4789490563144262,45.48,0
23c8beb35174abdc45ec3c14517e513e,2020-02-24 08:24:19,4524584153018280,43.89,0
1fe01f92adae71531044b48a81fcd1e8,2020-02-24 20:15:16,4436298663019939,77.52,0
3c7df85f38a01c8d907296dc9f9e5628,2020-02-24 21:52:50,4985024436370614,44.28,0
92e61b5473800841bf11afb4f4886db5,2020-02-25 02:57:34,4416410688550228,20.68,0
89a4d13658203abd67a06dfa60e2fd05,2020-02-25 03:21:07,4997591057565538,690.66,0
ab0acb4f37561db355487739d5aaa72f,2020-02-25 04:15:07,4253589902657103,3616.19,0
c4d5d920232c2d0cc45a5e8f25491467,2020-02-25 04:56:14,4683617042712171,83.3,0
95b214632d4da3ed26ea634f482bd770,2020-02-25 06:39:49,4241453805273630,95.84,0
1d4f676a104de38d543391d4146e8ad7,2020-02-25 10:56:06,4609746692923340,29.48,0
18fa6ba43f6a6891ec36a7e14d2709a1,2020-02-25 13:36:10,4488260402352127,5683.14,0
234ec4d0e4405624f0fca80b7c088834,2020-02-25 17:48:54,4653672048903767,96.3,0
580f8e5f67c024d3aba65878e1d11516,2020-02-25 18:54:31,4638396144844325,51.61,0
88e79b1897e7f916a55abc52e979852a,2020-02-25 20:13:28,4208317936968510,510.43,0
5ff4b09082ba7f27d84ff2fbbca53990,2020-02-25 20:45:28,4985024436370614,725.58,0
bb84090c74871b11a8282b36329eac13,2020-02-26 06:51:54,4374799537894500,307.02,0
725806ed86797d9df1d67fcf61d089f4,2020-02-26 13:33:29,4783713328425247,98.05,0
7dbdfbd59ea477ce8867f782206160d9,2020-02-26 13:37:56,4934399043970226,76.53,0
5d6349499def9a7ffad03fac9c474c6d,2020-02-26 14:43:07,4125310868424651,47.34,0
8779cf58fe3a5f252fb36cb487e2fd46,2020-02-26 17:32:51,4467512729899486,12.9,0
6de26dac541a51346404ce871e6c10c2,2020-02-26 17:58:10,4609746692923340,9006.93,0
f092ed41641657c42d9717b02fbb3e9b,2020-02-26 20:36:06,4241453805273630,7.88,0
f0f85b752f1ae6007a0d4d4da784d9db,2020-02-26 23:50:39,4241453805273630,596.41,0
091bab01a98931957e4c315c49676442,2020-02-27 02:29:43,4893308344742860,80.78,0
67b5a57f44aea4fefb17f05039843640,2020-02-27 10:59:10,4090612125343330,4088.12,0
04685817a5299831a58317b31e46ccb2,2020-02-27 11:26:49,4956860373932956,88.13,0
45e26e99a0fa1795f7d3b51ea72dd407,2020-02-27 13:30:38,4867010117638802,173.16,0
8bc82bab7fc80ad980dcdb471e4858d4,2020-02-27 17:16:06,4033160065800364,10.1,0
d7fcd40d6ca90850eedb9a0b74118b52,2020-02-27 23:23:02,4615861341152316,13.7,0
436664267d917978951cb8ed8566544e,2020-02-28 02:02:43,4853206196105715,60.2,0
b3155cd598957b97e3537ec4811d7077,2020-02-28 09:11:49,4032763187099525,448.87,0
a261a41ac9989ad38f9302fb5472ebfa,2020-02-28 11:52:48,4734811798843814,326.85,0
ff6f81438ffe4ca893cb3010affb246b,2020-02-29 18:10:17,4226063306212844,265.61,0
b2839442ddbba1b5cf2d842784849861,2020-02-29 20:54:11,4122046974704585,797.5,0
cb46ee49cc0321fc7f696878fb19d152,2020-02-29 21:43:20,4683617042712171,1.49,0
fa91915206994d098a71ee5aa4958e6d,2020-02-29 23:38:52,4226063306212844,77.96,0
339deb27d34d17b3a6610ca4c8515c33,2020-03-01 00:16:32,4815447301191763,88.8,0
d677bda5d52c761245ad1544d175b31c,2020-03-01 01:16:28,4467512729899486,2071.75,0
95b05340494b15365bfb5d4b95a2eb08,2020-03-01 04:53:45,4186054708565028,74.4,0
9b9d0374ac49773d5d9954850ef8de58,2020-03-01 06:43:24,4395148335460814,87.5,0
649d782f68a45b41f0aad1ba5720802a,2020-03-01 11:56:39,4956860373932956,19.36,0
532672b43bd200b29427abf2ee979d79,2020-03-01 14:02:41,4645884898081724,80.73,0
09ef31b4abf31368dc7395f31f7187b2,2020-03-01 21:26:00,4039150536880479,40.54,0
d05c8cf6e02838782a4b0312ebd108ce,2020-03-01 22:04:07,4815447301191763,5043.37,0
9401516b03a582a59926801d32561956,2020-03-02 00:57:33,4135449811055770,97.64,0
e83007823e81c9483de3fee560407236,2020-03-02 03:39:19,4136262720215016,66.17,0
31c8688a87f2894ee7420eca41f855cc,2020-03-02 08:52:36,4125310868424651,82.6,0
314612faa6cbb3b615e29ac8416becb4,2020-03-02 13:27:37,4241453805273630,298.07,0
5a997dd8a30bf06f2b5859c5f85a48b5,2020-03-02 17:25:15,4170245277417751,35.25,0
7ce0a59fedafdaf73eb84eb6175205c4,2020-03-02 20:42:08,4956860373932956,3.65,0
d6c68224fa21c48fc56f614f373143d3,2020-03-02 22:22:02,4264101964908346,0.86,0
18be1f4bbea30dcc83aa48a21b964ad4,2020-03-03 04:39:13,4260567335033291,39.77,0
ddea0a0c2d3b330b40b05b265c1c9899,2020-03-03 05:26:33,4564139086560436,47.02,0
cffd4156f1df007ea5699263629603cd,2020-03-03 11:48:16,4125310868424651,898.91,0
88a8ac4698ef884363ce616f7f48ddc2,2020-03-03 13:46:29,4956860373932956,8.34,0
20ce84faa409fab5681f3dfd4af21228,2020-03-03 18:41:15,4815447301191763,43.28,0
7e21ec7a1945c7f21de7064f6e8f75a8,2020-03-03 19:39:31,4738705475489956,4890.59,0
22c8347bffee2d9547f823d460c0f117,2020-03-03 22:55:06,4436298663019939,631.07,0
2074b1a691ee5f8ec5f29303b2b35a3f,2020-03-03 23:54:29,4332149413304557,28.24,0
1d0586c64f26bd2ae258afcb2ec2df80,2020-03-04 00:24:54,4609072304828342,651.12,0
83e9b636f1015e61822ebc16c218c502,2020-03-04 04:04:37,4802174255861762,58.93,0
c4dceab5643a241e9bc871b0bfa1b65e,2020-03-04 08:10:10,4226063306212844,40.68,0
4985687065198b729ed704f7d9ca10de,2020-03-04 08:20:25,4039150536880479,1720.14,0
3d054e6e5428dbbe05a99e0c2ecb1af7,2020-03-04 08:31:12,4645884898081724,113.53,0
306120850338ad85e6c5e286aaf96586,2020-03-04 10:59:04,4090612125343330,59.42,0
94de41451b9acb01f692236fe40c9e4c,2020-03-04 14:33:06,4479475895277810,76.17,0
35162ed65cd95a562ae6e1654c378365,2020-03-04 17:19:51,4259753809723533,1.26,0
6418ffb8ede83b98af3529fedaa30c87,2020-03-05 05:31:51,4032763187099525,25.1,0
dd93b84822b7e1c2d4f745a5979bc439,2020-03-05 13:26:17,4893308344742860,92.29,0
49a9a4948a162cc57174905e452d8c64,2020-03-05 18:21:10,4395148335460814,37.02,0
cd569411f330e1dc54741ede1e7ae805,2020-03-05 18:55:15,4783713328425247,1037.52,0
908b62b6c6e1ae46a409d326d19b8bbb,2020-03-06 00:25:57,4333652104565302,95.71,0
b62cd1aed3aeea2f1cb84769c95b4154,2020-03-06 00:35:06,4934399043970226,97.36,0
6c81e58f0e736d036c776255c0f1d065,2020-03-06 00:51:53,4572259224622748,13.31,0
b78b17511fb6fb64c33ccb102d153390,2020-03-06 05:16:20,4827807245873162,3779.07,0
ffa3f239c1c7375138fbf6ce0c1f0bc9,2020-03-06 06:06:05,4488260402352127,32.3,0
8fe6d78089f364a39cfa5c5e7732412b,2020-03-06 06:10:38,4161715127983823,49.88,0
cbb436b8772ae13a644a2b7589185766,2020-03-06 15:16:14,4398950686897867,496.86,0
f0c19d96858c591514428704c565c599,2020-03-06 15:44:41,4033160065800364,74.5,0
7df84db844d18ae5f8a238cbadb8b8ba,2020-03-06 16:14:54,4893308344742860,61.7,0
025a4595868a2f529b45647497df67b1,2020-03-06 19:23:52,4572259224622748,4840.48,0
86a27c517f74fde3835bfba9b435d954,2020-03-06 22:52:13,4376360021712050,82.41,0
e4dcee58d42d737a697b4ed343758040,2020-03-06 22:57:57,4526094550580419,9.41,0
3f57995b255337ee52ea91cf27861c1e,2020-03-06 23:50:32,4609746692923340,10.32,0
8ea189e0dc515669ef6f3530bff6af44,2020-03-07 06:44:59,4890785453601818,62.98,0
05cebeafa1262ac1b22c0a050c81c8ea,2020-03-07 12:25:44,4241453805273630,94.82,0
cf107b8baf4c76616adb79850247a072,2020-03-07 13:19:56,4039150536880479,14.18,0
68fedc313ca17805903cc0781863205a,2020-03-07 15:03:13,4106727807825537,53.78,0
5fbe015d33f120f30c853c67f6581b21,2020-03-07 17:46:19,4388795302273767,99.51,0
4c3dd274991460fabcfde7528dd3c132,2020-03-07 23:39:49,4253589902657103,953.32,0
4430b41a4155d82d82aa3a408d736f56,2020-03-08 03:41:20,4965123463794391,96.81,0
a7496dba7cc25825948dd1d625f0368c,2020-03-08 10:21:12,4135449811055770,78.33,0
f8a8751ba57c984d3fa80f67cf52dc02,2020-03-08 12:30:13,4934399043970226,95.95,0
074a192a85cef9246b556903a30fa83f,2020-03-08 12:51:37,4789490563144262,30.52,0
1c3f2d661e8561fb30177beda02607e1,2020-03-09 02:14:37,4395148335460814,65.76,0
39b50a7d46978a69227f4c600d7c833c,2020-03-09 02:17:40,4136262720215016,113.69,0
2a5efce770fad739450fcb5167ac8a94,2020-03-09 09:32:01,4985024436370614,662.37,0
2365aa71f1f47021eab590d049340e66,2020-03-09 17:31:07,4738705475489956,74.71,0
1bd1162ca82feede1bdb5023a9542061,2020-03-09 18:44:16,4890785453601818,57.11,0
201f3c3f5c718230a07ec81246c364bf,2020-03-10 01:15:39,4238224687069643,31.73,0
f3491929d364b710818b108db3499b63,2020-03-10 02:48:14,4479475895277810,721.65,0
d4ca5153298f48c17a5c347ec19d9e50,2020-03-10 03:33:16,4827807245873162,61.36,0
0a650ea71d4a0ef3a1a771ee75aa447f,2020-03-10 04:10:43,4444037300542691,567.42,0
54f0cdf0e3963033d0ecc742f4152555,2020-03-10 08:36:42,4815447301191763,341.45,0
50f8625b0cb2f160399f0846482b01d5,2020-03-10 09:06:16,4671096685272336,89.68,0
70f2dac5d5c543710bb9b08e5807efa6,2020-03-10 09:50:30,4136262720215016,2469.15,0
63d2de9288988fd4ee3ec2ea89b8fae5,2020-03-10 10:23:27,4444037300542691,0.88,0
bc3b68d47c1f2c364a425e92d6a336c3,2020-03-10 13:50:12,4231082502226286,25.02,0
e46c1e53214e06e028a1695533ed0565,2020-03-10 15:36:09,4609072304828342,6.74,0
63bf190e96ae89088578ee4c17597619,2020-03-10 20:53:20,4683617042712171,94.9,0
65daf2a40d08e0c0fe14225455d8cb2a,2020-03-11 03:30:55,4281783875596457,17.44,0
b2f1e199f090fbc19d896cc100e6de58,2020-03-11 09:36:49,4307553668184625,62.22,0
5607296998e94b10bdb0489278625697,2020-03-11 11:51:00,4985024436370614,99.94,0
c924c09d79e0d8d335a94738a1a2407f,2020-03-11 13:15:14,4564139086560436,4642.27,0
f3544830a4a6bc4041d53f315f6c39ff,2020-03-11 14:08:38,4872287670027309,173.51,0
3cba48b6f2b2f8f013eac1ec9d443df0,2020-03-11 16:51:52,4815447301191763,1.45,0
232490ee7b1732505dd4652732286562,2020-03-11 23:57:18,4301684712758167,82.92,0
846fc4a3e13bb6de0ff30fbe777a80ed,2020-03-12 01:54:12,4893308344742860,974.07,0
1c8b87f163029f24b6807cbb4f51f857,2020-03-12 02:02:46,4734811798843814,8.96,0
e46d7af810493031e9b452ff12fd4bbd,2020-03-12 04:38:29,4281783875596457,67.76,0
9e56db3c5759efa12c2cf18056f40751,2020-03-12 05:32:50,4333652104565302,2012.97,0
05e38d9e8b5b920ba7eee631c983f60f,2020-03-12 07:27:47,4879493428361965,92.14,0
b3d4b6694c6e72cf7e0e3baecf02a714,2020-03-12 19:40:53,4416410688550228,4748.15,0
5da7a57b4a9b77b3880f3132834f9921,2020-03-12 20:09:03,4467512729899486,10.97,0
c8976f5545d3e74a28113bd79e82db3b,2020-03-13 01:16:48,4794233751173765,1270.87,0
cb5407baefc97f0e3c1b22b3a164ab69,2020-03-13 01:27:15,4853206196105715,42.93,0
20ae1a754423659408a921e02885036d,2020-03-13 03:43:14,4890785453601818,21.09,0
4e3e1f42a390442a16a159f4e11f9fbf,2020-03-13 05:08:21,4802174255861762,88.57,0
28873e4042a70c29c98ede187e22e756,2020-03-13 06:40:00,4638396144844325,565.07,0
3420d4fc17c74eef7ac9aba942741d2a,2020-03-13 06:48:54,4395148335460814,18.31,0
3cdf71adf59e588315ebe4e7b7fc58a4,2020-03-13 07:56:09,4532606684286514,83.87,0
2dff2321c83699061a3a08c665fc8064,2020-03-13 09:06:28,4526611032294580,112.74,0
aef6e3ea4d17f24051e2ea01f474dc2f,2020-03-13 10:49:46,4762714231199452,276.88,0
c9d83e80924ec01e79deaa10d1445184,2020-03-13 15:56:00,4170840302810671,3.14,0
8fb079e6d8162eacce5f8df474fb4920,2020-03-13 20:55:10,4333652104565302,0.98,0
9957559426db1664d3948c4820fb5481,2020-03-13 21:21:33,4039150536880479,430.91,0
8ffff1add14c507659e13cb99d171176,2020-03-13 21:28:19,4159210768503456,567.88,0
b0ddb587f1a345a0ab11946724d0a006,2020-03-13 23:05:16,4467512729899486,863.74,0
f4a8239229811885bef00f00b90c91ba,2020-03-14 02:58:33,4890785453601818,2.75,0
40a618eca4f917057b268cc0ef45de1f,2020-03-14 04:46:27,4170245277417751,139.26,0
94bd7fca41feb2045d063e0a152da992,2020-03-14 05:56:49,4213741526478791,13.4,0
6f86e912a1146ae7d80f614b578c43bc,2020-03-14 06:20:20,4231082502226286,73.69,0
96bffbab6e94c11e4d96319fb4c8958f,2020-03-14 13:53:53,4384014188635576,43.61,0
b8219bce908d545f6e91ceb63f3c082c,2020-03-14 14:26:34,4213741526478791,2.17,0
d81c3cd3b911c35ca0377c72cfcbd3e4,2020-03-14 16:18:57,4135449811055770,30.94,0
56a56f242f8c6cf33f7ccd9bb5ff3784,2020-03-14 21:04:07,4783713328425247,47.98,0
21c87372184a562a0a5561aede40531b,2020-03-15 00:17:31,4789490563144262,602.58,0
9ba030d501867761376459b676ab268e,2020-03-15 00:54:39,4572259224622748,2.88,0
8537e742338b9a7d3afd21fa1ea721b4,2020-03-15 01:12:52,4090612125343330,1.18,0
16b79728e51eeb7739e039f37cd7c303,2020-03-15 01:46:33,4880931623427294,2.33,0
90a8e49cc27865c80c41faa7d4d4390c,2020-03-15 01:59:47,4479475895277810,276.01,0
ccb88f032d2211ef423885d5f409dc29,2020-03-15 03:07:31,4532606684286514,397.86,0
24716d374ac2ff721058db70662a1540,2020-03-15 04:10:28,4802174255861762,3153.88,0
6af93ddc69fcc6c02b79ff5f47ff7d77,2020-03-15 12:11:18,4281783875596457,74.35,0
d055698fae2fdc79505d19536a4325ef,2020-03-16 00:21:15,4734811798843814,38.61,0
62b11b3f1e52d124e9f824ef036dff91,2020-03-16 07:41:58,4827760497563827,5.28,0
840330e33f25e23f4c1b55a783f8547f,2020-03-16 13:52:06,4827760497563827,0.46,0
df4b3a818264ce7721a83fd5e18fb834,2020-03-16 14:19:19,4253589902657103,43.85,0
2683252b8724deb8373db996a4dbe7f1,2020-03-16 23:50:20,4956860373932956,26.33,0
5bb4a489c4dd03aedd45d0ef3a185288,2020-03-17 02:44:42,4650661577010550,1152.55,0
6425b96a06fbbf4ccb3b4aebe7cb3498,2020-03-17 08:49:56,4853206196105715,44.15,0
e8adac1d61b01454f79ad79625d707ae,2020-03-17 08:50:06,4526611032294580,57.64,0
27d21203a0f61bdf8d8541e081c4dcd5,2020-03-17 12:20:25,4395148335460814,92.71,0
6b52458e63f7d2ee3044f573416b0b1f,2020-03-17 20:00:28,4444037300542691,47.46,0
bea39cc2c85db72e330e4354a473e48a,2020-03-18 06:22:40,4232153519700594,52.59,0
63cd4f880f658b525941d50bb7005f2b,2020-03-18 19:52:15,4830349319515887,54.7,0
de89c83f30e37789fb3ef68b9141cfe5,2020-03-18 20:06:00,4783713328425247,82.11,0
e73850b3483167d085bca93f2cc8cf1c,2020-03-19 00:09:26,4170840302810671,3182.27,0
18013818a1c86470197efae4112c2d08,2020-03-19 03:27:27,4879493428361965,4403.47,0
e6796a77068ee292e627dbec66bbc586,2020-03-19 06:15:40,4479475895277810,5.39,0
eb97ad608bd01f13e3a989f41c18f109,2020-03-19 21:18:23,4762714231199452,10.41,0
06f9cdb041205877a94b947bfe863363,2020-03-19 22:56:14,4467512729899486,1.05,0
5386b47aaaa3d57d58cfea1f25ac68bb,2020-03-20 00:11:56,4965123463794391,52.6,0
7becde9a001e6e8303b99f7cb781867d,2020-03-20 08:19:07,4965123463794391,86.95,0
49a79ddcc885cc9112b0f2146a32f51a,2020-03-20 10:12:26,4213741526478791,62.85,0
00c8d67db1aba4303962573d4c200bee,2020-03-20 12:57:47,4564139086560436,996.15,0
ecd04aa1c77b2c4134fe91a88bfbfe88,2020-03-20 13:19:53,4039150536880479,23.44,0
c4e96ab141fbcc76267167ed23ca1180,2020-03-20 14:40:11,4039150536880479,706.11,0
d04b2bc531d2fe9c6e28fefdafa51288,2020-03-20 15:45:09,4676706014866559,279.44,0
cdec6d8ac6fdcf2c8c5768896036dcb9,2020-03-21 01:52:28,4853206196105715,27.41,0
05e5e2c3642f1fac6d76f226b6ca6de3,2020-03-21 06:37:52,4226063306212844,997.21,0
d8ddd81a06eedb45e46e4d1707caf959,2020-03-21 16:00:52,4671096685272336,10.93,0
5a49a52872b3d6997e5403d868ff6fb2,2020-03-21 16:07:01,4135449811055770,551.58,0
a4a63cc77aa6a8ff68192a054780c777,2020-03-21 16:10:30,4388795302273767,5.24,0
2f3c8768780e45caec0246a4bf3b857c,2020-03-21 18:47:12,4827760497563827,36.13,0
834a22a1c310d0f818c4b8f9929ff446,2020-03-21 21:13:28,4615861341152316,94.42,0
ddd803630b57bb97210c593c669b8d5c,2020-03-22 16:44:38,4295719836133562,94.62,0
b8a0acf5e8018284f7abf2b6f74203b5,2020-03-22 17:09:57,4411504524619489,40.6,0
952693a3bd4e2b122126ebfbce49ce52,2020-03-22 18:10:44,4374799537894500,19.45,0
e75a03b3d4e7133e12432ae41eed901f,2020-03-22 18:16:42,4811343280984688,2.69,0
86edb0349483f2068c59673316f74c15,2020-03-22 21:07:38,4645884898081724,86.97,0
b7893d1836bf0d30e92d854cc862928b,2020-03-23 02:42:07,4867010117638802,415.48,0
8b15c1d0fdce35cda346a818b9d8d38e,2020-03-23 05:15:45,4301188878743567,3009.66,0
10a5ad14402fb34e9c33c77c6b1aa4d1,2020-03-23 07:58:24,4226063306212844,93.56,0
0c40b93626d0b6e8a3ed42fc9280f00f,2020-03-23 09:39:26,4106727807825537,776.77,0
9f50804b10bfc2b779233879848bc6a0,2020-03-23 09:47:15,4281783875596457,55.71,0
60ecb598fa20d94e406bf7c72f3c04dc,2020-03-23 20:28:38,4281783875596457,5477.74,0
34389429a93720537675696903de8cd7,2020-03-23 22:20:38,4159210768503456,447.13,0
bc030864a93ae7ea72e46e1b3b18e462,2020-03-24 02:11:54,4264101964908346,13.52,0
adfc77c4a5552dccd4016580c6302cd3,2020-03-24 07:49:04,4295719836133562,70.51,0
1867cdb01b360ea3f2a31061d8506652,2020-03-24 19:35:32,4376360021712050,491.32,0
526555b57e492dfbd828ceffa7da7a08,2020-03-24 21:29:13,4532606684286514,57.39,0
bd800ff709714851851bc46d7c904641,2020-03-25 07:30:22,4395148335460814,488.22,0
e3b78ecf93f00fadec8f8bf279489a93,2020-03-25 10:43:15,4965123463794391,39.24,0
fbf56e6d84d6ddfa92de46896f146204,2020-03-25 11:35:57,4388795302273767,830.1,0
2391be37694becff9f677b413eecba9e,2020-03-25 15:03:33,4416410688550228,70.38,0
e76aafb85315e9a3f7e4306b90898f26,2020-03-25 15:48:26,4161715127983823,7.08,0
2b76306b0e87aeccb8a6b02e43f6a78c,2020-03-25 22:02:51,4546601918511609,914.62,0
6f02909575b58e5406bde2749bdc724a,2020-03-26 06:22:41,4033160065800364,28.76,0
4b8ad728de05273fad48dd58927937f8,2020-03-26 10:10:42,4467512729899486,392.75,0
a3d4e99ec4b52d495367408ea95e8093,2020-03-26 10:42:55,4033160065800364,97.03,0
268172a2d5bef9921c40530d04c0b0ab,2020-03-26 14:07:59,4241453805273630,75.13,0
7236e43a099c68abb143b3d50f1cd365,2020-03-27 05:07:11,4615861341152316,0.64,0
859eccbc2f7ae5940bbb5621d8b79c19,2020-03-27 16:34:21,4488260402352127,0.19,0
609ed6fa4eeb3da3f7c60e431993da3d,2020-03-28 00:51:40,4950757030424276,68.92,0
cb84f0eda64985608fca458cd75085ac,2020-03-28 07:45:59,4853206196105715,788.96,0
d4a371621ecaa053d94bb67ba3c70124,2020-03-28 12:06:14,4879493428361965,96.48,0
eb0f1ba702b814c358759a411147ff38,2020-03-28 17:09:07,4161715127983823,1.47,0
38b08ac1998e15851c78aa88e2bcf249,2020-03-28 23:04:36,4978667132535671,0.73,0
a4a547f8fd26ca16e63f301dfe3c93cc,2020-03-29 03:59:20,4090612125343330,927.27,0
2893013530dd3a73fa9037caae3c5d77,2020-03-29 04:37:00,4231082502226286,414.36,0
db9704ab15b9c14db8e579ff7a32e8e5,2020-03-29 07:39:36,4890785453601818,81.73,0
a7b4540de4bea35b89fa00f1ff4e9e08,2020-03-29 13:08:10,4956860373932956,28.95,0
1f05690037cd9396baf8ee89d211e64f,2020-03-29 13:40:11,4872287670027309,1.9,0
7553b50a3db42c93b3c5462d34d3ed2d,2020-03-30 01:18:01,4653672048903767,41.11,0
99bbecca8cdd2f377315e15a564f8e07,2020-03-30 01:50:06,4956860373932956,26.53,0
e0e241336c33d5e85e878e02146f8ab7,2020-03-30 05:10:47,4398950686897867,51.32,0
70bec843fb9e07f0ddde996d901a07de,2020-03-30 06:08:46,4479475895277810,885.07,0
a7c15cb82463a9d61c9f07037fb180d1,2020-03-30 06:27:14,4827807245873162,55.19,0
0e9ffa2b6ad1e08c003e667460ebafa8,2020-03-30 07:17:52,4033160065800364,7250.18,0
7cbbd10e05700c5748b500736c7928e4,2020-03-30 09:03:53,4264101964908346,77.51,0
432bb9680262ddc51da85f3dc5108e12,2020-03-30 10:21:06,4853206196105715,341.49,0
f26982968c20426730eacb81e6a1ab3c,2020-03-30 11:09:10,4122046974704585,5349.44,0
4119503f00b6eec7f937bac5384f2ac9,2020-03-30 21:26:36,4170245277417751,964.88,0
2f6160fe0b3ce22edd770464eafde05b,2020-03-30 22:53:31,4683617042712171,376.84,0
199e0e3e90490609cacfdb93f063c88e,2020-03-31 02:07:51,4231082502226286,10.13,0
9b584cb8038d540b591f3438b8e320f2,2020-03-31 06:30:04,4925013053127624,286.31,0
3c0ef6fd69c51e534d404c47a641c858,2020-03-31 11:11:05,4802174255861762,28.76,0
91bd8dcd4f2edf291e482a9e586e0191,2020-03-31 13:42:35,4615861341152316,35.46,0
9e297d24b8dbdd8a4b4fb772654a8bc1,2020-03-31 18:59:15,4789490563144262,7.3,0
af3e1bd69bcb9d179499dfcebd27faf6,2020-03-31 22:51:26,4526611032294580,1194.84,0
40e12138e4838cb2cd22c4b7c1862a2f,2020-03-31 23:50:19,4467512729899486,21.08,0
3060446c970224c9113cb5f857ffb35d,2020-04-01 03:07:11,4526611032294580,98.37,0
ac9988b96b4cd08624012837975e7871,2020-04-01 11:54:29,4683617042712171,50.22,0
0b30059308d9bc993b807b1a4eb701a1,2020-04-01 14:41:05,4281783875596457,392.13,0
0c348f3c8ae2ebcbd9be9eda45c21e34,2020-04-01 17:57:03,4170840302810671,70.22,0
fcd3c3f7439503feb3283c346fee995a,2020-04-01 20:24:21,4241453805273630,8.28,0
45dc9dff93c43982c334306a72361fd5,2020-04-02 04:00:37,4653672048903767,4113.49,0
e1b2b18250b6921ade8664694a711b48,2020-04-02 05:33:30,4546601918511609,32.53,0
d3286dc2a7208504d78e26d9d4309fb3,2020-04-02 07:06:31,4374799537894500,97.23,0
e3cf4def266c5a517b8c834da4d95b59,2020-04-02 07:29:13,4934399043970226,948.27,0
522213349d54e740ead8ef6985955ad0,2020-04-02 12:52:36,4208317936968510,79.19,0
225e187cb760e262ae3ee31f10c672ae,2020-04-02 14:28:05,4853206196105715,88.05,0
08efd367e368bea5104ff01609e61e2b,2020-04-02 14:33:30,4260567335033291,62.07,0
1c9a0eca99dd98f1997ce4844a4c8e87,2020-04-02 15:49:48,4253589902657103,405.07,0
4ae500dd6875f6e8af6815ea067f87c8,2020-04-02 17:32:20,4205091756219139,75.24,0
8a86a32738e085664874dcea8e4fbf13,2020-04-02 19:08:19,4260567335033291,62.25,0
0f87c1f7cb9ce4d23710ed6a10a2a68d,2020-04-02 20:23:37,4032763187099525,61.3,0
57847e770dad881f82621d882ea18987,2020-04-02 20:28:56,4638396144844325,24.75,0
55178cf87c5e382905fba2e4d650a8c3,2020-04-03 00:56:17,4829328237114208,1.98,0
f18647fa5137b9d21eed826c484afdb9,2020-04-03 07:34:46,4281783875596457,69.46,0
b73a4674affa805572748c5170ff111a,2020-04-03 09:05:15,4226063306212844,78.32,0
a622e76bf8de32ef9c71835700f198d2,2020-04-03 14:23:41,4783713328425247,18.94,0
0cf2e131890c6518f3ae5ae4022abc9d,2020-04-03 18:55:46,4676706014866559,913.77,0
46dcf793f5bf2e27590ace71947426c6,2020-04-03 23:00:26,4802174255861762,4641.26,0
27c5cfeba2ef917db9a1bb3b88f25028,2020-04-03 23:56:51,4479475895277810,26.83,0
1a74e81e4666ea489d88b8c10c78c9f6,2020-04-04 08:03:48,4867010117638802,60.94,0
f9f5ffa9adec76ec643f06e1381327c2,2020-04-04 09:11:34,4479475895277810,99.86,0
50bd9eac019c5ab9c3379eb7a94c30fc,2020-04-04 12:27:19,4789490563144262,88.21,0
57b1be9127853e3ef7236c9fc8ddade9,2020-04-04 18:20:27,4858129660270572,89.44,0
bc66923bc259ac46fe033e216814eb2d,2020-04-04 21:11:44,4446288810992896,34.29,0
ebd5b5f5fbeaffc6b5db1fb9fbc76449,2020-04-05 02:05:34,4985024436370614,982.89,0
cb6303db1a1d820715bf3b2183fd0570,2020-04-05 02:28:30,4241453805273630,83.52,0
8c6cb4803b924fbf324b2cd7ef5329be,2020-04-05 04:48:11,4671096685272336,147.38,0
3a6cf5dcc558858761a7d0d749a72ab1,2020-04-05 18:03:18,4978667132535671,12.42,0
295ae2cac7fc79522bfc3a1232059873,2020-04-05 18:27:26,4653672048903767,0.81,0
1fa5452ec1f56f47693b61caa341e813,2020-04-05 18:48:35,4653672048903767,57.85,0
773a928736f98b8125557ee294a30b77,2020-04-05 20:33:23,4650661577010550,95.55,0
55c51417c752d18b32de365d9aa921c5,2020-04-05 21:24:41,4159210768503456,892.12,0
ae66043bb032c643ba07d5b036dd92f8,2020-04-05 21:57:37,4872287670027309,50.16,0
7f4a107c3bc5c75a546a6fd635b5b7b5,2020-04-05 22:36:17,4893308344742860,100.91,0
47d9fcaaedbdc870a4d6e836f3748e93,2020-04-06 00:10:12,4333652104565302,9054.8,0
5363e9fc689585aa0490f9682164b21f,2020-04-06 07:05:23,4546601918511609,53.27,0
6b77ac48770f9401f8752b3222e890aa,2020-04-06 09:32:36,4653672048903767,52.2,0
148c786637b52d2bf9b0205a8d268fea,2020-04-06 12:22:50,4734811798843814,80.97,0
2b398ab66b78ae80cd144eddeab78244,2020-04-06 13:15:02,4671096685272336,83.9,0
b6af4dec2b9d48234725d710bed0b0b4,2020-04-06 23:26:18,4223253728365626,51.63,0
9416944f0967a790bfe50da9666093d1,2020-04-07 00:00:59,4853206196105715,20.02,0
a46ef557d950076bb42f817876abd7d3,2020-04-07 01:53:43,4307553668184625,69.02,0
cd61902c6eda58195f0afd054f1c13cd,2020-04-07 10:29:53,4526611032294580,0.84,0
dae2baac7fbad5ef5a61829718772322,2020-04-07 13:15:10,4232153519700594,832.8,0
887664b96b2f51140e3f3c9e74932d52,2020-04-07 15:18:29,4436298663019939,3249.84,0
f4d7a714ffc58a87dcc0031a1f14a3cb,2020-04-07 20:41:56,4858129660270572,17.22,0
9f6ea772f48826777274e8499334803d,2020-04-07 20:53:06,4985024436370614,93.44,0
59a57119d2ec70ba5e1b5416f6517879,2020-04-08 00:37:56,4170840302810671,66.9,0
ba061b2997a70487e741bc4b261e54f0,2020-04-08 14:18:38,4615861341152316,1.28,0
961092fe860e5d00304055efdcdd969d,2020-04-08 15:50:18,4125310868424651,33.44,0
cb3e39ad1c57b432d3c8c038992a3efa,2020-04-08 21:32:43,4135449811055770,10.68,0
1d0836c5fa6795f770d5d4976f4d4442,2020-04-09 09:10:16,4125310868424651,1.24,0
a1613b6312078d62c0d91639b961eac3,2020-04-09 11:33:20,4039150536880479,478.35,0
59867f4322627a3794095d7a43c86838,2020-04-09 14:07:59,4479475895277810,11.47,0
176faf33b00250ca6d5e874bc7e32622,2020-04-09 19:15:06,4893308344742860,82.14,0
868124239c5a3ce31b4479032ecf1ec9,2020-04-10 00:44:29,4231082502226286,288.61,0
6720c07ae5b324178558ac888f56cf4b,2020-04-10 03:06:40,4208317936968510,80.49,0
9616b0f15be650a22f4dd422fa30304f,2020-04-10 05:21:21,4241453805273630,27.38,0
10475b26e9c9952a37dabff713f99d9c,2020-04-10 07:22:51,4213741526478791,48.46,0
10cb86fa02b873b1a002866f1b3fbb77,2020-04-10 08:17:38,4676706014866559,75.14,0
b17a2a1824e5b4d61fde091cbf5c631a,2020-04-10 11:10:41,4532606684286514,68.99,0
69eb1f5143029d771c71724dacdaa437,2020-04-10 14:41:28,4301684712758167,19.93,0
1f3b84ac3dda76c61a0357548c858aed,2020-04-10 14:59:05,4264101964908346,10.54,0
b6fde29a6732dbe0b11134c17ea02be3,2020-04-10 16:02:49,4032763187099525,11.2,0
599b29a3947806720bb977923293926a,2020-04-10 16:49:08,4985024436370614,82.71,0
ea34f0f43547ca93726b2801e19234ae,2020-04-10 18:51:18,4488260402352127,599.53,0
854a9018e1444583e00847e82ca1a2e1,2020-04-10 19:58:42,4934399043970226,4155.21,0
31d93badb261bb0f282eb29667ac6c4d,2020-04-10 21:15:47,4978667132535671,68.78,0
cbf8b52fe80b34a3a554b19fb7d02b7a,2020-04-11 03:13:04,4332149413304557,4.49,0
b96e3ebb427015154376f7dafcf8ad5d,2020-04-11 09:50:31,4039150536880479,89.65,0
42563d88241fe81911433716b5735a48,2020-04-11 13:27:42,4136262720215016,48.33,0
ab30ae4c8d11ec1f395f771781e43e34,2020-04-11 14:05:31,4125310868424651,602.65,0
6fd14448a0f5a62e1bb9144dfc061e01,2020-04-11 19:21:04,4307553668184625,7.64,0
e96b961aa8e496290c15c774440109cf,2020-04-12 00:04:45,4794233751173765,10.55,0
be129c76e26b1a48c7535d211c45f15b,2020-04-12 06:24:27,4161715127983823,5.59,0
0963d6559200afde40aaebb9b5a58d20,2020-04-12 10:30:51,4526611032294580,692.56,0
ff565bd5d258ac7a193ce715490a32ef,2020-04-12 12:20:40,4223253728365626,24.74,0
e2080f5cb0cf054b56c2fcfa846715cd,2020-04-12 13:45:39,4925013053127624,40.93,0
c272a48377a02f835f7d97bb32a0bff8,2020-04-13 01:00:43,4106727807825537,860.52,0
313dc56f785f28912d6b1598ffb97bec,2020-04-13 02:15:42,4260567335033291,863.61,0
0849dd2de9ddd5516daecc659757e54d,2020-04-13 03:04:11,4213741526478791,17.72,0
ee1d5898fdbe69e5b1d7d35e5f8fc647,2020-04-13 06:49:51,4205091756219139,2.05,0
5304446620ba97875a0318ae9632c90a,2020-04-13 08:41:34,4671956999823027,352.28,0
50e29a6e7efe9df9556f74c58737d556,2020-04-13 08:57:18,4259753809723533,28.59,0
39367dc603c19fee985d676131c37f5c,2020-04-13 10:05:50,4090612125343330,35.9,0
ea6f78b1ef05fd741ddf408d4702cdb0,2020-04-13 15:01:20,4307553668184625,48.62,0
b613da943966e1188a2bf92ec779ae31,2020-04-13 17:33:30,4526094550580419,4275.44,0
938251adbc21179be70ead5a62ac5aa1,2020-04-14 00:58:37,4879493428361965,572.02,0
4797ca248a81b7da8fed747e810870ee,2020-04-14 01:14:29,4241453805273630,72.65,0
1344b74850d4bc940f7d294c5ffe12f3,2020-04-14 01:36:52,4281783875596457,7545.45,0
0eac0d40f11993cce1a320c2d5e328fc,2020-04-14 01:59:12,4890785453601818,562.83,0
8a1829bf8bd6605bac024fceb3619b31,2020-04-14 05:18:06,4307553668184625,41.56,0
b74bd2d3e7cedac5bff7489f0125425c,2020-04-14 05:36:52,4738705475489956,7308.55,0
2a1f97b9ffdb1fdcb340de499c8480c6,2020-04-14 06:43:03,4880931623427294,5071.52,0
4a90629404c23c29b6f2fd995628855e,2020-04-14 07:18:51,4853206196105715,807.79,0
816275b3299fecefcbace4f9476a592b,2020-04-14 08:11:33,4829328237114208,6610.05,0
64275a3d4136e3d31f9073d323395469,2020-04-14 10:14:52,4033160065800364,100.01,0
14d5420484af2c50bf0f9f8369d38cc1,2020-04-14 17:10:31,4148950609641791,40.47,0
c373b7642f17eab7b3f4902bbe55a0a9,2020-04-14 22:13:10,4436298663019939,5576.45,0
f0f87e513d03d5a8db5d3ff3fdf0970e,2020-04-14 22:34:05,4122046974704585,297.03,0
e92c9fc0da8a265b05737c36c66147a8,2020-04-15 01:32:07,4032763187099525,950.21,0
122f289d2e28a535ae47db8d9ab62645,2020-04-15 11:36:15,4880931623427294,93.01,0
9fa24bdc1f0fdc489801eb603cc5e281,2020-04-15 20:26:41,4238224687069643,74.14,0
d9c4f296fd8d46e7084518b8f2b61ed9,2020-04-16 03:05:38,4170840302810671,73.16,0
f2f54dc3d6160c3720f94296be60c3bf,2020-04-16 06:23:41,4671956999823027,5848.47,0
95709bddea679376ff1b93f71ab7b097,2020-04-16 07:27:17,4170840302810671,99.52,0
45866e5b1a53d623a9db62c6afa11192,2020-04-16 09:14:04,4208317936968510,12.51,0
ad6295fd215e7a8bd513b0c27fb131cd,2020-04-16 10:33:56,4965123463794391,4052.24,0
8355eb5381ba8adacdbe3df8ffea2d27,2020-04-16 15:04:11,4522929944170142,429.38,0
0a9871f410434ef0c5a7db5ff8b16e42,2020-04-16 18:58:25,4090612125343330,4165.38,0
1b8f9ecb4cea8e9f86aac6ac68a96a41,2020-04-16 23:59:13,4208317936968510,23.81,0
e04862a5085669f7216bd99304946b83,2020-04-17 01:26:45,4170840302810671,6352.2,0
42dd7e9f69bb0d3308634c41dd7a52df,2020-04-17 01:43:30,4802174255861762,380.7,0
c9652159d868a3643550fd99b8f6ee88,2020-04-17 02:55:35,4241453805273630,90.14,0
46c368465fca0e375dfc299a9dc7a789,2020-04-17 04:43:19,4226063306212844,285.02,0
854c63888cc7cb00785a3e86bfd6de26,2020-04-17 05:03:43,4460285888258185,747.62,0
32a40cd09509987efeb99285ada90175,2020-04-17 11:52:36,4572259224622748,14.31,0
d36a1a97b6f7698927ac89d2d3373091,2020-04-17 15:46:04,4671096685272336,13.95,0
f5811323f8241e4c93a7764378919821,2020-04-17 16:06:47,4226063306212844,3169.61,0
7879641c6e88baa6684ba5cee67c7c3a,2020-04-17 22:38:00,4526611032294580,5816.81,0
32f48f67e9c7ff9ee32923458f756c1d,2020-04-18 09:53:09,4676706014866559,49.59,0
f3e3832dfc8e8e546c2f271846dfa7f5,2020-04-18 14:33:45,4645884898081724,31.52,0
09841ea9c4f872feb072729380f0158d,2020-04-18 19:40:27,4467512729899486,590.88,0
563c22e5824477c5d5005edf83cf6adb,2020-04-18 23:48:11,4815447301191763,783.53,0
2ff608489cdc0e90a6d0d37773f6f34e,2020-04-19 07:11:00,4890785453601818,91.35,0
c47ca41f8c6d8b55a3555ffc5974ae88,2020-04-19 10:01:48,4411504524619489,653.38,0
f3b7cfed12b610501a7e720b96951791,2020-04-19 10:12:46,4609072304828342,5170.69,0
a2d72a63def1e565671c6f4258770ef5,2020-04-19 19:50:51,4789490563144262,190.29,0
f8274fef730fb2802879387cfcad35fe,2020-04-20 04:08:12,4136262720215016,48.98,0
face5cdb056f2e1abec10bd6e51066be,2020-04-20 04:25:33,4388795302273767,379.77,0
0e2fac878dae28f918c42f6fa3beb41e,2020-04-20 06:23:24,4867010117638802,3413.39,0
5c5b2b2d36d5684a3e669a4b131f4b4a,2020-04-20 07:26:22,4890785453601818,84.84,0
f6fd84ca3e58d94ffe5e48bc5b3d72b0,2020-04-20 09:04:57,4416410688550228,10.27,0
bea82b843f7a94bc53ccc4193eb21a2d,2020-04-20 21:17:19,4834237757774643,14.74,0
25a9ccf0b08bcb5f54df8b6c29cd892d,2020-04-21 00:03:28,4032763187099525,12.88,0
53f4252e8ce653eff8e45795e38612b2,2020-04-21 08:02:49,4148950609641791,1.48,0
89a748b6842ec40444013770fa472767,2020-04-21 11:20:09,4332149413304557,37.48,0
99dd706fce01da7fe5278dd79b55aab7,2020-04-21 14:09:36,4479475895277810,7660.05,0
2eb95a183be7fbe4b678564aab41decb,2020-04-21 15:23:37,4829328237114208,58.59,0
4eceb2950a2a86ac92e4ef0c96fedab2,2020-04-21 21:57:14,4039150536880479,53.04,0
16bf71533506a80104c4cec04b1d2e45,2020-04-22 04:29:41,4653672048903767,0.36,0
da02141cccd9b36728919961a062fa72,2020-04-22 06:11:12,4307553668184625,80.02,0
384712d16e960091c0986e5d73311ac9,2020-04-22 06:27:58,4001837582277998,94.9,0
13e6a4dda53a0b53f5b519922397b072,2020-04-22 06:32:48,4671096685272336,16.08,0
6da89b2dbf5566ac00e15f289736c1dd,2020-04-22 18:29:37,4645884898081724,7.1,0
e614be45172d083295609a90cc536096,2020-04-23 07:52:11,4226063306212844,867.5,0
d0a0f5933eaa59fb8a7df28baee51ea2,2020-04-23 09:22:58,4376360021712050,5080.57,0
9ece3aefbef2f0edf912f58aab93bbf1,2020-04-23 12:11:41,4226063306212844,8389.55,0
f73a9691ed3d1ff12ca4c1c83654f1a9,2020-04-23 13:11:07,4232153519700594,35.6,0
6214cb8f01703629c45e0682c9893da9,2020-04-23 17:02:51,4436298663019939,93.74,0
e612db95f248051e716a13e0eff7cece,2020-04-23 18:17:42,4170840302810671,70.17,0
942e6d1af5da1c95cb375991bd078de3,2020-04-23 20:29:19,4925013053127624,82.7,0
89f565047d2f4bfd72fbc5d040fe7a03,2020-04-24 09:40:02,4444037300542691,46.18,0
96d2c1bf4daf60ebdafc936c1ab93204,2020-04-24 09:40:38,4925013053127624,760.23,0
f1de9dcbfefcd0c6743c54a3409baeb7,2020-04-24 22:10:42,4671956999823027,8.62,0
2b202b0937e787900d7f18f904b385da,2020-04-25 00:20:25,4033160065800364,6707.4,0
8259fab807a72f3555ecf357ea5c070d,2020-04-25 00:48:51,4106727807825537,65.08,0
58e3087e88171c24151a47e526bd4667,2020-04-25 08:50:37,4794233751173765,32.0,0
ce3cf53cb5c9a840c9bffe9aa70a368d,2020-04-25 11:18:33,4934399043970226,3936.45,0
6a4f77b531a8796c965a17e116e2394b,2020-04-25 14:17:59,4827807245873162,2417.96,0
a42ebccd7fd75048787810a90a1fecb5,2020-04-26 00:45:28,4159210768503456,45.11,0
3de3c5e0cc0ff6bbcd0e7b359cad0ad8,2020-04-26 02:04:15,4090612125343330,7.09,0
204daf9cda9f51dda68ae1cfccafdbbe,2020-04-26 04:38:44,4802174255861762,93.95,0
570a65ff2c3db3a5b71ccf417da373d3,2020-04-26 07:05:27,4683617042712171,4279.44,0
d9fdb954035c72f6dc2ed63e48e87549,2020-04-26 08:01:31,4374799537894500,18.49,0
70c7a826d779bcc5157d9d29300ebf15,2020-04-26 14:29:19,4802174255861762,54.77,0
86de22239482d5c71b0300f773a09321,2020-04-26 16:24:53,4170840302810671,35.87,0
311c42bee9ef5cff2eaa5e80e20c18e3,2020-04-26 19:09:23,4208317936968510,242.97,0
cd84884e8e0a972f5813b826204ab36b,2020-04-26 22:17:06,4106727807825537,65.29,0
5e1cb8ee8f1c25e22425df687265519c,2020-04-27 01:35:44,4522929944170142,6230.69,0
853897a13ce2c5245429c7011cdcef3b,2020-04-27 01:51:03,4436298663019939,61.48,0
13d2e42002af757be30a6559fe6667b9,2020-04-27 13:05:43,4802174255861762,0.6,0
c48881e213941acb04ec5a86ac91977c,2020-04-27 20:23:22,4479475895277810,50.2,0
eef5da664ddefc0bbc5fbe537b70454a,2020-04-27 22:42:19,4858129660270572,70.15,0
a7fa9a7a67ae59caae53240bdbcb7fee,2020-04-28 02:46:32,4978667132535671,44.14,0
11ecc36292638ffc0fadb8c561191cf9,2020-04-28 08:50:10,4572259224622748,214.78,0
ce0e8c87f12010cfd5c66658cd4862c9,2020-04-28 10:26:04,4281783875596457,351.1,0
38cdd69597c5cf7fc4c4c6c8b0215740,2020-04-28 10:36:16,4609072304828342,2314.47,0
51f81aa8388ff45f2bad0429b4085128,2020-04-28 15:52:33,4965123463794391,798.61,0
a8b26ba31475450daa0740d360379365,2020-04-28 16:26:40,4802174255861762,202.27,0
a12af69043891fcf98da27b0d8442cdc,2020-04-28 16:37:57,4834237757774643,52.53,0
4b80d8180bc8d08cc6b93b161f9e7e89,2020-04-28 21:18:13,4159210768503456,18.39,0
bea3ed1052314e0ca56c7741377f8d91,2020-04-28 22:35:02,4532606684286514,637.37,0
b8472f12f653182a93b146ef6ffa3d06,2020-04-28 23:05:28,4186054708565028,445.26,0
f94f5397187094265581a39c4c09e77b,2020-04-29 01:19:35,4858129660270572,31.2,0
0cd504be4e41a3d1ddf9cf3640905e60,2020-04-29 04:04:04,4479475895277810,59.85,0
39560ebe43315d5f777a54fc8ab318be,2020-04-29 06:58:09,4526094550580419,852.69,0
1ed16d54d960b62dc7fe49c752a35a53,2020-04-29 07:17:13,4253589902657103,8.43,0
179c9f9019ed1cd24e4934f79b501ae7,2020-04-29 10:39:23,4762714231199452,89.03,0
5664dfe09a64d50a7026f60522009d5f,2020-04-29 11:13:49,4794233751173765,42.8,0
99157c03452b6a11316188057d0fc5ff,2020-04-29 15:10:30,4039150536880479,89.79,0
2bfe84aa5f911b88b17ca614b6a375fb,2020-04-29 19:17:06,4893308344742860,78.41,0
8734ba1180bf536d97913961e8ff4473,2020-04-29 19:50:10,4374799537894500,11.55,0
fba1b935ca98f29cebb25afe5c87f69e,2020-04-29 23:14:44,4985024436370614,4.22,0
8dbc4878d8591ea3ade88c00fe2eddbd,2020-04-30 02:26:39,4815447301191763,57.59,0
cecd209a2f7218991838a6bee5eb993a,2020-04-30 11:15:54,4264101964908346,2750.68,0
49d7803ab52b0ac8065eb8e0e649544c,2020-04-30 14:37:07,4880931623427294,13.49,0
8bbe45c372c3db2bf068f72e4683a20b,2020-04-30 21:52:22,4867010117638802,5330.52,0
55b024821a6f4ce687c77a07478c35f5,2020-05-01 00:49:05,4186054708565028,52.31,0
a26a90ee109799adb64ff25121fe357b,2020-05-01 05:05:34,4208317936968510,29.84,0
fec95c903c738ae3dfbb3191dad131d8,2020-05-01 05:45:27,4170840302810671,1114.65,0
0058d815d4e29b7c5b2c03096ed304b7,2020-05-01 22:22:34,4997591057565538,321.87,0
e3a7cdadca841fef0aef3951b4404f9c,2020-05-02 02:53:30,4170245277417751,101.88,0
6d0e9b7fc7dfbdd20c66ce312a6b8fc4,2020-05-02 03:31:43,4416410688550228,86.38,0
b6a9c52d55d43d8593a1f6acb741bd76,2020-05-02 04:45:46,4032763187099525,48.1,0
817eb8d87a4fc1fb9f04805001de6f5a,2020-05-02 06:52:52,4213741526478791,61.65,0
c8cc658e974a6f19128882771cfece2c,2020-05-02 09:01:43,4170245277417751,862.07,0
92cc5be5bf2f3d5dca1cb4c66752d826,2020-05-02 11:25:37,4564139086560436,99.43,0
8069c1ec5c3748797d8f5c4218646b03,2020-05-02 14:30:49,4789490563144262,338.85,0
52c91ba5f2dd7e26c8648ac62a60deac,2020-05-02 16:22:46,4734811798843814,10.64,0
21b34a3a741dc04a3b83457bbe299c29,2020-05-02 20:55:49,4159210768503456,95.98,0
b41af9a15e59d4e47b826fbce486147c,2020-05-03 03:03:35,4738705475489956,4.51,0
758527d9baabc30f287fdbb476861eac,2020-05-03 03:37:18,4090612125343330,663.1,0
30c662fc4db7383fdeaeeabdcac4a5f7,2020-05-03 07:08:05,4834237757774643,10.5,0
1a36d86a8474d62426d1d9c80a5a8803,2020-05-03 07:31:47,4295719836133562,5084.01,0
d422fb8e0e41c3251cb73c23f39f49a9,2020-05-03 11:22:25,4609072304828342,96.8,0
4b91bac43951d081a0d4bcc2b4b3e1a6,2020-05-03 19:01:56,4858129660270572,14.42,0
a71af3d56d3a17fb697033b2e66a38af,2020-05-04 03:05:42,4950757030424276,884.21,0
81c7a0d18aeceb348f74239ce41f598d,2020-05-04 05:13:23,4301188878743567,607.83,0
6092854540052f7fc6e90cdea991d541,2020-05-04 06:48:20,4653672048903767,1.92,0
92a3d53dfcc2bcefc1b64bf7a18d63d0,2020-05-04 09:14:51,4524584153018280,5488.7,0
235d0939bdf17bbbe1e643fefd7b3e55,2020-05-04 13:41:24,4671956999823027,6758.14,0
9266c5315a8c31829c42b480da312748,2020-05-04 14:04:26,4829328237114208,205.39,0
e22d5559455a6fc762ce9c1b01444654,2020-05-04 21:11:35,4398950686897867,396.68,0
4b5b162347b815c388bfcc377e7e679e,2020-05-05 00:50:50,4879493428361965,1.45,0
66c102ed6729d5ed78df52e681cefcdd,2020-05-05 04:09:57,4650661577010550,23.22,0
5af8a77cc8af0b4820cb9984e0dad38e,2020-05-05 04:35:22,4186054708565028,39.39,0
2e54a0b1176feafe1c40337847079447,2020-05-05 06:54:14,4122046974704585,9708.49,0
695e0ad18b4c5c9dee68b5b97b0f7c71,2020-05-06 02:02:35,4241453805273630,7218.94,0
86c70e822ce63c25f07e02db0fdfd0b1,2020-05-06 04:49:51,4650661577010550,285.46,0
94cff423f77563a2a9b9c95a7e2a51fb,2020-05-06 09:03:44,4161715127983823,1.0,0
cca251763cd272964f73d9ed6209a28c,2020-05-06 11:21:49,4867010117638802,71.71,0
1fa2ff7513ea8261a0c9bda9a1126e43,2020-05-06 14:11:46,4827807245873162,7500.2,0
04f6a55ad002393da83b16e14ccd0226,2020-05-06 21:57:16,4532606684286514,71.97,0
565c3bf4dd9e16b2bef3bee2b170698a,2020-05-06 22:47:34,4789490563144262,1.27,0
00dbdd16b63ad8ad4cb6981abd44aaa5,2020-05-06 22:49:01,4186054708565028,66.21,0
114e1e3787f09ec8bf58db954103070b,2020-05-06 23:40:39,4671096685272336,347.08,0
c0960e35b5a80cf55d728eedfeb8ff28,2020-05-07 18:33:52,4738705475489956,635.78,0
ddd3ba54afaf660752d2ba73688b4c4d,2020-05-07 21:28:43,4985024436370614,32.63,0
e3ced645f9d439049c49987706b560af,2020-05-07 21:46:12,4388795302273767,9068.74,0
a5d2a6401d34c251528bbe9c4f1db663,2020-05-07 22:43:44,4488260402352127,5684.97,0
388b9887f5ae44b8c16a2ad9aca5f38e,2020-05-08 02:06:22,4106727807825537,59.74,0
7edf28bca007c0072171d8f76a5811fb,2020-05-08 05:43:10,4653672048903767,157.39,0
2c1732fbe00d781019c7ae5d586f33a8,2020-05-08 10:33:43,4827807245873162,0.97,0
7b6f4774d5d2c89f2a211a0f9b5ef05d,2020-05-08 12:02:36,4867010117638802,35.53,0
fcfe90d7720027012235c18698390afd,2020-05-08 12:44:39,4650661577010550,8729.41,0
c6273cdb6d8ad3ee18cfbdc9737dd246,2020-05-08 17:42:20,4609746692923340,697.04,0
1c314fe649b1c50939f63bf9f19b706c,2020-05-08 23:25:52,4333652104565302,697.41,0
39c9562388855a15f74ebd3055ebd8e8,2020-05-09 02:53:07,4186054708565028,29.61,0
d7a608147f03a7faa65b00f9b3c1557d,2020-05-09 05:06:14,4638396144844325,7779.6,0
117d92ca8bcecdc6f56a6209229758d9,2020-05-09 06:40:41,4374799537894500,10.27,0
4d5885e83ffeb5efca2b20c1aafe3a42,2020-05-09 08:13:50,4253589902657103,42.31,0
6d31a0737717c5d7e6a19031c27898b7,2020-05-09 11:18:47,4170840302810671,4.9,0
878294ed5f9a7787818c98e4d516e340,2020-05-09 11:38:27,4411504524619489,1.4,0
1ce5a315b77f67f1bde2e8e99fb7fdba,2020-05-09 20:24:07,4853206196105715,33.42,0
3681b2f2a2c8ab24cc832290fa093d86,2020-05-09 20:27:10,4956860373932956,43.27,0
d9a217277e781f7f808e9f5d5df2a41e,2020-05-09 22:52:55,4376360021712050,1460.19,0
e3681390bef32c0bf495b4d19c5e4e90,2020-05-10 03:58:46,4416410688550228,67.52,0
f716495cd30b99043a75dbdb917cdb23,2020-05-10 06:00:41,4789490563144262,4439.37,0
54ece3a0314da7b7b592b30992728809,2020-05-10 08:46:47,4033160065800364,771.08,0
5700397b40bc55cbe4688ad0050f9388,2020-05-10 10:58:48,4925013053127624,846.51,0
8e9728d53b42de357fd62cf70f35d8f0,2020-05-10 11:30:58,4638396144844325,100.38,0
e39da1948052aaddb42e5144e0172b43,2020-05-10 14:42:32,4522929944170142,7870.19,0
5c152a5bc86b8de6354a44bcbae1583b,2020-05-10 16:24:25,4638396144844325,77.78,0
99a68f11a3bf81ad771537ef32d91695,2020-05-10 19:36:16,4811343280984688,445.69,0
f2de76c4ac83724d7ae0fa7048efd6da,2020-05-11 02:49:15,4925013053127624,28.62,0
47d068724dbb8d04bd9163afd3adf714,2020-05-11 06:16:06,4925013053127624,0.7,0
21959412a8c41eda0ef6b6bd79fdcfeb,2020-05-11 06:22:33,4226063306212844,0.51,0
8e233f9e0dd18a48c68f3ae93a5fa8d9,2020-05-11 14:49:41,4125310868424651,41.81,0
202c80c7a501389aa2fe96de83b4b854,2020-05-12 04:29:21,4650661577010550,685.7,0
d37e4a3615f961988226352a9ff1f7fb,2020-05-12 15:28:04,4488260402352127,83.62,0
0de39856bbf5386f2a3022f516be7a9f,2020-05-12 20:32:52,4148950609641791,32.31,0
286c85b96c529a6c510d5d587d0388bf,2020-05-13 07:57:58,4479475895277810,4124.67,0
220800757eecb062e3b359711f11003e,2020-05-13 11:51:55,4208317936968510,90.8,0
edff5e0ae0abd49691ab165cde133538,2020-05-13 12:55:02,4683617042712171,21.13,0
c86aaa1db27c2cd7d0731784495cb001,2020-05-13 20:15:25,4170840302810671,99.24,0
f7d27850891647ea9cef030be37daa4f,2020-05-13 23:50:02,4985024436370614,58.61,0
6e972f8fd0476e4e9d6a9d79712059e9,2020-05-14 01:49:07,4794233751173765,59.1,0
6951da5018c24f397d9a4b73fe778b47,2020-05-14 08:20:45,4734811798843814,288.84,0
6def4b370e580aa1a7f5da7b9d7aeb0d,2020-05-14 14:21:01,4301188878743567,30.53,0
cb43d3d5efe8d9b0994036961bc3f1b3,2020-05-14 17:30:48,4295719836133562,203.06,0
e9fd8cc1a4d9b3e22cf821a589eebaa7,2020-05-14 18:07:53,4615861341152316,48.78,0
9aba1679d90a72b185a51334027d9bdc,2020-05-14 20:33:04,4524584153018280,23.54,0
bcfc72dfc8f7cf09ebba5b2397fec922,2020-05-15 01:58:36,4301684712758167,7791.47,0
9b0810be90691b5a8d5583da32a5d64f,2020-05-15 03:10:57,4978667132535671,7.45,0
c3f64184d79c329189d6464be2ac2a2e,2020-05-15 15:35:43,4384014188635576,626.32,0
0a88ac34e0c528b551d35467a93f349c,2020-05-15 16:47:52,4615861341152316,657.51,0
0b7b3612aa3ffc9524c377a536cef11a,2020-05-15 19:24:19,4830349319515887,37.61,0
0d4fec719faedd2c22ae7fe2ca2519e4,2020-05-16 06:15:06,4872287670027309,42.75,0
56a87e5dcff2c6f7cf07f08c49378cf2,2020-05-16 06:59:38,4170245277417751,65.7,0
c3bf3d1f4a7676b361f5bb94ec266b0b,2020-05-16 07:18:02,4395148335460814,91.45,0
dceb8f8c28bee6762a14dc3ee8053ae4,2020-05-16 09:29:56,4001837582277998,61.38,0
b7612298816a7e68c097e92344258b77,2020-05-16 11:05:13,4460285888258185,0.13,0
1e1710894441accf3cb62e137c2892df,2020-05-16 18:59:39,4815447301191763,31.18,0
e5d93c7ca1da7cc84c669948fde189ec,2020-05-16 21:50:23,4965123463794391,66.55,0
1bdfd5a3f9aec4e7ae8e0690c9f02bf5,2020-05-17 02:30:24,4253589902657103,831.91,0
da947dd3eac3852c6f948446bc1f3571,2020-05-17 03:34:08,4122046974704585,8.76,0
1b5edec9bdd4f74737f4684ab6eef2d4,2020-05-17 08:30:29,4411504524619489,73.83,0
d1ee0fe483b33e3471a4c7c385f83a86,2020-05-17 09:11:56,4033160065800364,70.83,0
47483ce3acb2f25f27db01d5fa8bf57d,2020-05-17 10:09:50,4226063306212844,0.37,0
b3ea6d43cdfc9a55c0b6c8df9a1be017,2020-05-17 15:54:15,4295719836133562,34.92,0
92b21585fda8d9fa86957b61e3d7c622,2020-05-17 16:50:44,4811343280984688,412.67,0
4aab4c99d74d8fc7bac8fd3aa3cecc3b,2020-05-17 20:06:10,4136262720215016,13.72,0
db9d4109a76f2c5cb8aac3a537a25702,2020-05-17 21:26:43,4186054708565028,29.17,0
7b33257029202f4fdcd9a8bc75164f8b,2020-05-18 03:49:30,4811343280984688,22.25,0
f2e278cb200f01a3d00dfd8e60160135,2020-05-18 23:04:46,4467512729899486,792.84,0
c58aeb420b5d52bfcc56f4a0f8e47bf5,2020-05-18 23:29:35,4033160065800364,7.54,0
da883df7bb7d93320e8ad2a29e980867,2020-05-19 01:17:45,4950757030424276,51.53,0
4648eabf1f6eaedde5173e1866e5c506,2020-05-19 14:25:59,4802174255861762,23.07,0
2dd6e9a790e4acad489be0ae3b682c15,2020-05-19 15:32:32,4834237757774643,1781.3,0
0e8bb9e6b1d08e01132645f10dc54bdb,2020-05-19 16:43:42,4572259224622748,41.74,0
c980072974c4be2783473930c2ea8c6e,2020-05-19 16:52:34,4467512729899486,92.81,0
4ff5f8493c59a8504ba73b0672aed23a,2020-05-19 17:50:45,4226063306212844,37.36,0
b1b4cb77b66055198e8f277c7d2b8c86,2020-05-19 22:17:07,4416410688550228,549.3,0
e11b2914528af9323373e82702fde263,2020-05-20 02:03:23,4106727807825537,47.81,0
d098fcc9f75c124653450feeabaa5c70,2020-05-20 05:21:14,4609072304828342,11.19,0
7529551c733260b66c6b6d94b8bcea1f,2020-05-20 08:21:10,4638396144844325,544.12,0
75c7ed5ae7530bf61e5c40bb4deab8e4,2020-05-20 14:36:19,4546601918511609,638.02,0
167175e5afce513a67402cc740198c91,2020-05-21 11:35:19,4985024436370614,83.53,0
838eed121fe346445aa412c9c5bd198d,2020-05-21 14:01:48,4867010117638802,247.17,0
8e3d7781c5fdad1e75599b5baabe6900,2020-05-21 23:28:03,4281783875596457,303.56,0
1e6488ce95eeb3c2dd2ecc70f6ab451c,2020-05-22 03:23:54,4332149413304557,191.67,0
207a2e636b857ae11fc092fd6051d90f,2020-05-22 04:06:22,4307553668184625,0.87,0
fcb0c1af9f7a7200044ef83dbb4d31a8,2020-05-22 10:06:45,4645884898081724,100.33,0
786a328433fff45d70f8fc4b61eca167,2020-05-22 10:47:04,4032763187099525,80.34,0
3a7edd76d79a3172b00ee97974401bfc,2020-05-22 11:48:03,4213741526478791,46.92,0
f13237c11784c41e63e5880165272510,2020-05-22 12:14:06,4893308344742860,338.16,0
728ad493d139e3f940189cf73a92e3ba,2020-05-22 19:29:31,4170840302810671,15.36,0
e05ceefdbe8ba40a96daf67f77dcd8a1,2020-05-22 19:55:27,4106727807825537,93.68,1
36b1053f917b5d46863de2bad48a7692,2020-05-22 19:57:26,4106727807825537,0.17,1
7239f15d11d2237c839af3444f1ed761,2020-05-23 02:40:07,4213741526478791,7066.03,0
0bb4e35e0b75989da9934f983d6c93ed,2020-05-23 04:38:33,4738705475489956,70.66,0
c2b8270b5016e85c2d705929d3439947,2020-05-23 09:09:58,4467512729899486,533.5,0
36f35e6a133047bf1e3c62ddbd8bb280,2020-05-23 09:20:25,4260567335033291,537.12,0
6ef0ee28270cad3716ae89c2f0b9f82b,2020-05-23 09:30:02,4238224687069643,958.3,0
fa8b5346a0bf89bde592f69db0fba15a,2020-05-23 18:46:04,4264101964908346,26.0,0
3b1224a547a88db825e11f873f928196,2020-05-23 18:46:37,4376360021712050,361.37,0
93ff70400303e8667622ec53cf790498,2020-05-23 21:26:03,4398950686897867,11.87,0
22fa73e40e349514a579aa9bd60cc0a1,2020-05-23 23:25:02,4232153519700594,39.36,0
f98cd2642a7cb632cbd720a5d240dc0b,2020-05-24 04:27:46,4460285888258185,986.71,0
fb2e79bd899c860be8363ca33f38051c,2020-05-24 08:20:28,4398950686897867,2045.25,0
6cca4ed89cf3c311fdbca4de72a82662,2020-05-24 08:42:23,4683617042712171,8835.79,0
74cb1b456dfea9064ee085c7f72a0d91,2020-05-24 10:38:43,4416410688550228,54.04,0
f80e5ab054946e72b6e4ecd58d7a886f,2020-05-24 11:31:17,4867010117638802,0.89,0
eda07cbd082d40440845efab5f38beff,2020-05-24 17:07:39,4213741526478791,94.41,0
a7d942c83ac254d95cd1a1d1ef75ae04,2020-05-24 21:13:19,4827760497563827,475.21,0
1a9ec574056c4744068011be0711bfe1,2020-05-25 02:06:25,4522929944170142,87.58,0
585b2a0fe78856749e60c816c9db97e4,2020-05-25 03:05:25,4526094550580419,71.08,0
2a1acdc99633f8f870f5322b2822e4a4,2020-05-25 03:52:24,4925013053127624,828.58,0
a0097e71cd5eeb22c224ca0c8542cb33,2020-05-25 09:36:20,4830349319515887,94.79,0
9b3b463fc2a381f702f1c6ad1e1bde69,2020-05-25 11:55:54,4827760497563827,777.21,0
24dd432d5a7bac36047c2ddcf0bc2b4c,2020-05-25 12:47:24,4205091756219139,57.21,0
1663777d2b8f8ff3722fb2d77b0eff21,2020-05-25 15:19:16,4934399043970226,10.01,0
856e8a03b245c258c9ea1633c28271f5,2020-05-25 16:00:03,4135449811055770,175.1,0
da7b4d511df40adf8c96b4468ec34368,2020-05-25 20:07:13,4956860373932956,70.17,0
73db57b89a8602078359f3c8513c1d4e,2020-05-25 22:04:02,4136262720215016,97.31,0
e6378a6ebd8c2417292ee10eb3af3773,2020-05-26 01:30:02,4609746692923340,37.14,0
58c202ef23e59c9887283316d9ffa8f3,2020-05-26 03:52:38,4867010117638802,857.9,0
70ddcb22b298e60ac01b28756ea730a5,2020-05-26 06:15:52,4794233751173765,1.8,0
73f0ae6bf74152f5c6f5998a5a71253f,2020-05-26 08:49:50,4388795302273767,464.96,0
7c238bd42bbf9436285ee99defbf6919,2020-05-26 10:10:30,4890785453601818,18.18,0
006ae73dd43f7038caf0b2060ddafe46,2020-05-26 11:48:17,4388795302273767,42.97,0
c20e370fe32aadbe4a249402d1b4c769,2020-05-26 14:01:48,4794233751173765,83.76,0
1de00ed3296a42abf690d813c3e1d997,2020-05-26 16:16:34,4253589902657103,56.97,0
634f21080f12ea1d3fdb194c2eb74748,2020-05-26 21:47:10,4136262720215016,48.54,0
81687040e25e38b83ddd31491b8d3e48,2020-05-26 23:36:19,4811343280984688,1141.72,0
90aef7770b608a36234d8d59857badaf,2020-05-27 03:59:21,4880931623427294,21.28,0
aa2862d966d6286777efec4158cce2e1,2020-05-27 05:15:54,4238224687069643,1.71,0
c2103828f889e8a4061c978e5a60e7cf,2020-05-27 11:04:44,4609072304828342,9880.22,0
af562072a64f836c1323a591729452d2,2020-05-27 12:34:58,4398950686897867,724.99,0
aaea6e34a5c0f7a37ed7bc30f67f436a,2020-05-27 12:45:13,4260567335033291,45.89,0
127592cc137d3e8070547607047721fa,2020-05-27 14:03:32,4253589902657103,78.58,0
9cb755835976f389582a3ae99da12bb5,2020-05-27 17:16:38,4564139086560436,520.64,0
c7fb7d866ef656c8fb6e069ffecd920a,2020-05-27 19:38:37,4295719836133562,7.53,0
07523640c349d9d7e1565344ddd542f8,2020-05-27 23:50:37,4281783875596457,1.74,0
78aa3b7e31d369d34f32dc023c6451f7,2020-05-28 06:02:26,4934399043970226,1222.7,0
af16c8952585266ead6c85d03f338288,2020-05-28 07:46:18,4650661577010550,4.55,0
ea7b224c995f5e1c7e7b5ae96563ee18,2020-05-28 11:57:20,4671096685272336,94.14,0
034600af55d64f25e7eb8c043edca313,2020-05-28 13:40:10,4676706014866559,779.83,0
1b29a0d32a6b29d4917ec54d7f7b094f,2020-05-28 14:45:55,4880931623427294,28.05,0
716fe6a666fa50d32a8ad4900ffa0c5a,2020-05-28 16:46:46,4532606684286514,1.97,0
2106281e5da06a1e350cb3ce72be28d0,2020-05-29 08:50:05,4170840302810671,10.75,0
604b6b5d62e6bce40e497d2547b6152e,2020-05-29 09:45:17,4858129660270572,52.84,0
12cf89361b87d796ff3e11ad02773666,2020-05-29 09:48:34,4223253728365626,27.48,0
7dbacaa194780859f5b35d232bde9641,2020-05-29 16:51:06,4645884898081724,154.73,0
3a4f5adc43798f9976aca6ba230642ed,2020-05-29 17:04:55,4170840302810671,5.38,0
9eb94091cd466164a08759a74f1f6a2f,2020-05-29 17:36:39,4039150536880479,717.03,0
6bb75ce8787bb2fdaa6a9ece54fbbc6e,2020-05-29 18:47:57,4238224687069643,88.68,0
64fbcaae2f829fe3c81d3f9dd3ef73e8,2020-05-29 19:37:07,4135449811055770,1359.26,0
66f08a8e0161be61412bf71dc3ccc6cd,2020-05-30 03:12:04,4411504524619489,0.58,0
90be5ab6a747b95d841a760a3871a9fc,2020-05-30 03:19:48,4205091756219139,94.42,0
772a82dae546b19b370983debab9243c,2020-05-30 04:26:25,4526094550580419,50.35,0
c6bec448fc738e02bfcfbb7a11b7bd6b,2020-05-30 04:47:54,4671096685272336,276.67,0
e70da2f6fbc96b66ace7e06880350fdc,2020-05-30 14:34:58,4208317936968510,92.64,0
c0ac5e46081258e2110e7d1f0357628d,2020-05-30 15:53:45,4985024436370614,49.4,0
eaf3a003f6a055bbf2be4192914ed9af,2020-05-30 17:47:48,4467512729899486,28.76,0
bf50be48661ee12d16edbb41df3da8c1,2020-05-31 01:48:25,4001837582277998,51.01,0
f4d06266040ebfedb52741dce1085280,2020-05-31 02:06:45,4259753809723533,17.73,0
8c5ea4491d839eab942751e043fd136c,2020-05-31 02:21:21,4526611032294580,7.0,0
fbf7e5f31196644fe7ef4d538eb1e351,2020-05-31 03:15:57,4388795302273767,531.06,0
22624bc26b26a049e13d2062b633afa4,2020-05-31 03:44:57,4295719836133562,90.3,0
e63ffa2ec5c7da7e7a064c7b3c8da4f5,2020-05-31 06:00:13,4148950609641791,95.34,0
a067c0280e9693a8d3d6c16b76426a6a,2020-05-31 08:19:20,4532606684286514,90.45,0
a9b26ab2e7c30e39e1d1f55a6f4dde48,2020-05-31 09:14:11,4564139086560436,88.44,0
d9952edcb3d2856ec87fce2f20ba4053,2020-05-31 13:44:02,4148950609641791,71.43,0
c9121b7f17d0435c8c89e04da8d204ac,2020-05-31 17:00:19,4333652104565302,1.01,0
